,약품명,제약사,7월,8월,9월,10월,11월,12월,현재고,주문양
,가나칸정50밀리그램(이토프리드염산염)_(50mg/1정),제이더블유중외제약(주),60.00,102.00,63.00,0.00,0.00,0.00,131.00,
,가바인캡슐300mg(가바펜틴)_(0.3g/1캡슐),조아제약(주),80.00,0.00,0.00,0.00,6.00,2.00,172.00,
,가바틴캡슐100밀리그람(가바펜틴)_(0.1g/1캡슐),고려제약(주),0.00,0.00,130.00,0.00,0.00,0.00,0.00,
,가브스메트정50/1000밀리그램_(1정),한국노바티스(주),0.00,0.00,0.00,180.00,7.00,0.00,233.00,
,가브스메트정50/850밀리그램_(1정),한국노바티스(주),0.00,0.00,0.00,0.00,0.00,28.00,272.00,
,가스론엔구강붕해정2밀리그램(이르소글라딘말레산염)_(2mg/1정),(주)태준제약,0.00,60.00,0.00,60.00,0.00,60.00,60.00,
,가스모틴에스알정(모사프리드시트르산염수화물)_(15.88mg/1정),(주)대웅제약,"1,147.00","1,033.00","1,454.00",728.00,"1,198.00","1,034.00",629.00,
,가스트렉스과립(에카베트나트륨수화물)_(1g/1.5g),제일약품(주),6.00,0.00,0.00,0.00,0.00,0.00,144.00,
,가스티렌정(애엽95%에탄올연조엑스(20→1))_(60mg/1정),(주)테라젠이텍스,0.00,145.00,0.00,0.00,0.00,0.00,0.00,
,게이트정(알마게이트)_(0.5g/1정),오스틴제약(주),526.00,193.00,117.00,289.00,153.00,96.00,178.00,
,고덱스캡슐_(1캡슐),(주)셀트리온제약,180.00,0.00,174.00,254.00,813.00,846.00,633.00,
,"구주인산코데인정_(코데인인산염수화물, 20mg/1정)",구주제약(주),818.00,646.00,"1,021.50",673.00,624.50,804.50,408.50,
,국제독시사이클린하이클레이트수화물캡슐100밀리그램_(0.1g/1캡슐),국제약품(주),20.00,42.00,48.00,56.00,122.00,90.00,144.00,
,그리메피드정4밀리그램(글리메피리드)_(4mg/1정),한미약품(주),60.00,0.00,0.00,0.00,0.00,0.00,120.00,
,글리세이트연질캡슐(콜린알포세레이트)_(0.4g/1캡슐),(주)셀트리온제약,60.00,240.00,282.00,236.00,448.00,382.00,212.00,
,기넥신에프정(은행엽엑스)_(40mg/1정),에스케이케미칼(주),45.00,36.00,0.00,30.00,6.00,0.00,632.00,
,기넥신에프정80밀리그램(은행엽엑스)_(80mg/1정),에스케이케미칼(주),268.00,199.00,104.00,343.00,382.00,187.00,169.00,
,나이트랄크림(플루트리마졸)_(0.2g/20g),일양약품(주),0.00,0.00,0.00,0.00,0.00,0.00,12.00,
,나자린플러스분무액(염화나트륨),한국콜마(주),0.00,0.00,0.00,0.00,0.00,0.00,6.00,
,나조넥스나잘스프레이(모메타손푸로에이트)_(7mg/140회),한국엠에스디(유),0.00,3.00,0.00,9.00,20.00,19.00,19.00,
,나졸액(케토코나졸),한미약품(주),0.00,0.00,0.00,2.00,3.00,6.00,3.00,
,나푸롤정(나프로닐옥살산염)_(0.1g/1정),일동제약(주),0.00,0.00,60.00,146.00,210.00,210.00,194.00,
,네노마정15밀리그램(클로미프라민염산염),(주)휴온스,8.00,4.00,0.00,0.00,4.00,24.00,-20.00,
,네버펜틴캡슐300밀리그램(가바펜틴)_(0.3g/1캡슐),대웅바이오(주),0.00,0.00,0.00,0.00,0.00,28.00,92.00,
,네비스톨정1.25밀리그램(네비보롤염산염)_(1.3625mg/1정),에리슨제약(주),30.00,0.00,0.00,14.00,0.00,0.00,235.00,
,네비스톨정2.5밀리그램(네비보롤염산염)_(2.725mg/1정),에리슨제약(주),60.00,0.00,75.00,7.00,60.00,0.00,128.00,
,네오덱스안연고_(5g),한림제약(주),8.00,36.00,8.00,10.00,11.00,13.00,14.00,
,넥리카캡슐150mg(프레가발린)_(0.15g/1캡슐),(주)넥스팜코리아,12.00,107.00,14.00,21.00,76.00,74.00,54.00,
,넥스모틴정(모사프리드시트르산염이수화물)_(5.29mg/1정),(주)넥스팜코리아,"2,011.00","1,960.00","1,941.00","1,792.00","1,616.00","1,622.00",895.00,
,넥스틸정(애엽95%에탄올연조엑스(20→1))_(60mg/1정),(주)넥스팜코리아,"1,875.00","2,176.00","2,653.00","2,127.00","1,985.00","1,685.00","1,422.00",
,넥스팜염산암부록솔정(암브록솔염산염)_(30mg/1정),(주)넥스팜코리아,0.00,9.00,111.00,27.00,69.00,18.00,742.00,
,넥시움정20밀리그람(에스오메프라졸마그네슘)_(22.3mg/1정),한국아스트라제네카(주),175.00,30.00,222.00,308.00,283.00,93.00,307.00,
,넥시움정40밀리그람(에스오메프라졸마그네슘)_(44.5mg/1정),한국아스트라제네카(주),141.00,37.00,35.00,30.00,57.00,88.00,60.00,
,넥실렌에스정[애엽이소프로판올연조엑스(20→1)]_(90mg/1정),제일약품(주),20.00,12.00,28.00,28.00,20.00,0.00,72.00,
,넥실렌정[애엽이소프로판올연조엑스(20→1)]_(60mg/1정),제일약품(주),0.00,42.00,0.00,9.00,0.00,31.00,110.00,
,노레보원정(레보노르게스트렐),현대약품(주),0.00,2.00,1.00,2.00,0.00,0.00,3.00,
,노르믹스정(리팍시민)_(0.2g/1정),(주)삼오제약,28.00,133.00,280.00,189.00,105.00,63.00,347.00,
,노바스크정10밀리그램(암로디핀베실산염)_(13.889mg/1정),한국화이자제약(주),0.00,0.00,90.00,0.00,0.00,97.00,255.00,
,노바스크정5밀리그람(암로디핀베실산염)_(6.944mg/1정),한국화이자제약(주),362.00,150.00,240.00,247.00,300.00,314.00,153.00,
,놀텍정10밀리그램(일라프라졸)_(10mg/1정),일양약품(주),0.00,56.00,262.00,99.00,180.00,184.00,199.00,
,누코미트캡슐200밀리그램(아세틸시스테인)_(0.2g/1캡슐),(주)셀트리온제약,0.00,270.00,342.00,28.00,123.00,150.00,205.00,
,뉴로패시드오디정600밀리그람(치옥트산)_(0.6g/1정),(주)종근당,0.00,81.00,44.00,104.00,0.00,0.00,81.00,
,뉴부틴서방정(말레인산트리메부틴)_(0.3g/1정),한국유나이티드제약(주),0.00,72.00,0.00,120.00,20.00,60.00,70.00,
,뉴프라딘캡슐(세프라딘수화물)_(0.5g/1캡슐),(주)넥스팜코리아,131.00,250.00,234.00,258.00,132.00,107.00,180.00,
,니네틸정_(1정),동국제약(주),0.00,0.00,0.00,0.00,0.00,30.00,30.00,
,니코란정(니코란딜)_(5mg/1정),한국콜마(주),0.00,227.00,102.00,60.00,0.00,0.00,211.00,
,니타딘정(니자티딘)_(75mg/1정),(주)넥스팜코리아,564.00,763.00,825.00,639.00,791.00,675.00,586.00,
,니타딘캡슐150밀리그램(니자티딘)_(0.15g/1캡슐),(주)넥스팜코리아,20.00,0.00,0.00,0.00,0.00,0.00,233.00,
,다이나브서방정(메트포르민염산염)_(0.5g/1정),한국휴텍스제약(주),0.00,7.00,0.00,0.00,10.00,30.00,260.00,
,다이나브정(메트포르민염산염)_(0.5g/1정),한국휴텍스제약(주),0.00,120.00,0.00,120.00,0.00,0.00,143.00,
,다이보베트연고_(60g),레오파마(유),1.00,1.00,1.00,8.00,4.00,2.00,6.00,
,다이센캡슐(수출명:ROSECANACAP.),(주)휴온스,514.00,234.00,585.00,418.00,448.00,240.00,282.00,
,다이아벡스엑스알서방정(메트포르민염산염)_(0.5g/1정),(주)대웅제약,60.00,60.00,90.00,60.00,61.00,61.00,148.00,
,다이아벡스엑스알서방정1000밀리그램(메트포르민염산염)_(1g/1정),(주)대웅제약,7.00,14.00,58.00,30.00,44.00,180.00,158.00,
,다이아벡스정1000밀리그램(메트포르민염산염)_(1g/1정),(주)대웅제약,60.00,60.00,0.00,120.00,60.00,28.00,192.00,
,다이아벡스정500밀리그램(메트포르민염산염)_(0.5g/1정),(주)대웅제약,0.00,0.00,0.00,270.00,0.00,0.00,330.00,
,다이크로짇정(히드로클로로티아지드)_(25mg/1정),(주)유한양행,102.00,135.00,46.50,162.50,30.00,135.00,292.50,
,닥사스정500마이크로그램(로플루밀라스트)_(0.5mg/1정),한국아스트라제네카(주),185.00,113.50,192.50,177.50,166.50,176.00,94.00,
,"대우로라타딘정(수출명:로미딘정,라틴정,필미딘정)_(10mg/1정)",대우제약(주),14.00,60.00,60.00,0.00,0.00,60.00,186.00,
,대웅몬테루카스트정10밀리그램(몬테루카스트나트륨)_(10.4mg/1정),대웅바이오(주),361.00,255.00,692.00,588.00,889.00,586.00,250.00,
,대웅바이오알티옥트산정(알티옥트산트로메타민염)_(0.48g/1정),대웅바이오(주),30.00,30.00,45.00,30.00,30.00,30.00,105.00,
,대웅아테놀롤정50밀리그램_(50mg/1정),(주)대웅제약,15.00,0.00,45.00,75.00,0.00,30.00,95.00,
,대원초산메게스트롤현탁액_(0.4g/10mL),대원제약(주),13.00,14.00,5.00,40.00,7.00,7.00,56.00,
,대화세파클러캡슐_(0.25g/1캡슐),대화제약(주),0.00,21.00,15.00,9.00,15.00,0.00,30.00,
,"대화이부프로펜정400밀리그람(수출명:UPRO400,IBUFEN)_(0.4g/1정)",대화제약(주),141.00,18.00,63.00,97.00,126.00,54.00,321.00,
,더마톱액0.25%(프레드니카르베이트)_(50mg/20mL),(주)한독,0.00,1.00,0.00,0.00,0.00,0.00,7.00,
,더마톱연고0.25%(프레드니카르베이트)_(25mg/10g),(주)한독,1.00,0.00,0.00,5.00,0.00,2.00,7.00,
,더모베이트액(클로베타솔프로피오네이트)_(25mg/50mL),(주)글락소스미스클라인,17.00,15.00,11.00,10.00,14.00,9.00,23.00,
,더모베이트연고(클로베타솔프로피오네이트)_(7.5mg/15g),(주)글락소스미스클라인,2.00,1.00,0.00,0.00,0.00,1.00,22.00,
,더모타손엠엘이크림(모메타손푸로에이트)_(0.5g/500g),(주)동구바이오제약,0.00,0.00,0.00,0.00,0.00,0.00,-0.04,
,더모타손엠엘이크림(모메타손푸로에이트)_(30mg/30g),(주)동구바이오제약,0.00,0.00,0.00,1.00,0.00,0.00,2.00,
,데모린세립0.2밀리그램(데스모프레신아세트산염)_(0.2mg/0.5g),(주)동구바이오제약,0.00,44.00,30.00,0.00,0.00,14.00,2.00,
,데소니아로션0.05%(데소나이드)_(30mg/60g),(주)메디카코리아,1.00,0.00,1.00,0.00,0.00,0.00,1.00,
,데스오웬로션0.05%(데소니드)_(60mg/120mL),갈더마코리아(주),0.00,0.00,0.00,0.00,0.00,0.00,4.00,
,데파스정0.25밀리그램(에티졸람)_(0.25mg/1정),(주)종근당,0.00,0.00,0.00,0.00,0.00,0.00,60.00,
,덱시드정480밀리그램(알티옥트산트로메타민염)_(0.48g/1정),부광약품(주),0.00,60.00,0.00,60.00,0.00,60.00,170.00,
,덱실란트디알캡슐30밀리그램(덱스란소프라졸)_(30mg/1캡슐),한국다케다제약(주),216.00,465.00,347.00,465.00,458.00,328.00,459.00,
,덱실란트디알캡슐60밀리그램(덱스란소프라졸)_(60mg/1캡슐),한국다케다제약(주),70.00,74.00,68.00,84.00,142.00,150.00,247.00,
,도란사민캅셀(트라넥삼산)(수출명:트라민캅셀)_(0.25g/1캡슐),제일약품(주),132.00,210.00,90.00,111.00,63.00,183.00,218.00,
,도미나크림 60G 태극,태극제약(주),0.00,0.00,0.00,1.00,0.00,0.00,8.00,
,독시라마이신캡슐100mg(독시사이클린수화물)_(0.1g/1캡슐),(주)씨엘팜,0.00,0.00,0.00,0.00,0.00,0.00,76.00,
,동구레보플록사신수화물정500mg_(0.5123g/1정),(주)동구바이오제약,0.00,0.00,14.00,5.00,0.00,0.00,240.00,
,동아가바펜틴캡슐100밀리그램(가바펜틴)_(0.1g/1캡슐),동아에스티(주),0.00,0.00,0.00,0.00,0.00,0.00,175.00,
,동아가스터정20밀리그램(파모티딘)_(20mg/1정),동아에스티(주),320.00,126.00,146.00,10.00,34.00,10.00,223.00,
,동아니세틸정(아세틸-L-카르니틴염산염)_(0.59g/1정),동아에스티(주),60.00,0.00,60.00,0.00,60.00,0.00,120.00,
,동아오팔몬정(리마프로스트알파-시클로덱스트린포접화합물)_(0.16667mg/1정),동아에스티(주),0.00,21.00,28.00,0.00,90.00,0.00,281.00,
,둘코락스에스장용정_(1정),(주)사노피-아벤티스코리아,28.00,0.00,0.00,0.00,0.00,0.00,410.00,
,둘코락스좌약(비사코딜)_(10mg/1개),(주)사노피-아벤티스코리아,7.00,5.00,0.00,2.00,2.00,0.00,34.00,
,듀어클리어제뉴에어400/12마이크로그램_(60회),(주)대웅제약,0.00,0.00,0.00,0.00,0.00,2.00,3.00,
,듀오웰정40/5밀리그램_(1정),(주)유한양행,0.00,60.00,0.00,60.00,0.00,60.00,60.00,
,듀카로정60/5/5밀리그램_(1정),보령제약(주),0.00,60.00,0.00,65.00,0.00,60.00,115.00,
,듀카브정30/5밀리그램_(1정),보령제약(주),0.00,0.00,0.00,0.00,0.00,67.00,83.00,
,듀카브정60/5밀리그램_(1정),보령제약(주),60.00,0.00,0.00,0.00,0.00,0.00,92.00,
,듀파락-이지시럽(락툴로오즈농축액)_(20.1g/15mL),제이더블유중외제약(주),30.00,13.00,33.00,0.00,0.00,0.00,201.00,
,디디셀정(비페닐디메틸디카르복실레이트)_(25mg/1정),대웅바이오(주),0.00,102.00,328.00,844.00,744.00,666.00,526.00,
,디솔린정(메틸프레드니솔론)_(4mg/1정),구주제약(주),0.00,24.00,12.00,0.00,25.00,0.00,0.00,
,디스토시드정(프라지콴텔)군납명:프라지콴텔정_(0.6g/1정),신풍제약(주),0.00,0.00,9.00,3.00,0.00,0.00,12.00,
,디아그릴정2밀리그램(글리메피리드)(수출명:Diarinletablet)_(2mg/1정),부광약품(주),0.00,25.00,21.00,60.00,120.00,0.00,124.00,
,디아릴정3밀리그램(글리메피리드)_(3mg/1정),(주)다림바이오텍,0.00,0.00,0.00,0.00,60.00,0.00,70.00,
,디아미크롱서방정(글리클라지드)_(30mg/1정),한국세르비에(주),7.00,0.00,0.00,0.00,14.00,88.00,391.00,
,디아미크롱서방정60밀리그램(글리클라지드)_(60mg/1정),한국세르비에(주),0.00,28.00,44.00,90.00,21.00,51.00,216.00,
,"디아민정(글리클라짓)(수출명:Bee-DiaminTablet,Meracron 80mg Tab)_(80mg/1정)",한국휴텍스제약(주),0.00,0.00,0.00,58.00,54.00,249.00,119.00,
,디에타민정(염산펜터민)_(37.5mg/1정),(주)대웅제약,0.00,90.00,58.00,0.00,148.00,21.00,73.00,
,디오반필름코팅정80밀리그램(발사르탄)_(80mg/1정),한국노바티스(주),51.00,30.00,44.00,30.00,60.00,60.00,80.00,
,디유비정,(주)휴온스,30.00,0.00,0.00,0.00,0.00,0.00,0.00,
,"디젠정(수출명:Digestal,Dailase)",대화제약(주),0.00,0.00,0.00,0.00,0.00,0.00,0.00,
,디카렉정_(1정),(주)바스칸바이오제약,361.00,634.00,446.00,430.00,446.00,526.00,283.00,
,디카맥스디정_(1정),(주)다림바이오텍,0.00,90.00,0.00,130.00,77.00,120.00,123.00,
,디카졸캡슐(플루코나졸)_(50mg/1캡슐),(주)넥스팜코리아,173.00,282.00,246.00,110.00,242.00,295.00,171.00,
,디트로딘에스알캡슐2밀리그램(톨터로딘-L-타르타르산염)_(2mg/1캡슐),한국유나이티드제약(주),0.00,0.00,0.00,0.00,0.00,0.00,0.00,
,디푸코연고0.3%(디플루코르톨론발레레이트)_(30mg/10g),제이더블유신약(주),0.00,2.00,0.00,0.00,0.00,0.00,4.00,
,디피아녹스서방캡슐_(0.707g/1캡슐),현대약품(주),0.00,0.00,0.00,0.00,0.00,120.00,180.00,
,딜라스틴나잘스프레이_(120회),부광약품(주),16.00,15.00,30.00,28.00,39.00,46.00,33.00,
,딜라트렌에스알캡슐16밀리그램(카르베딜롤)_(16mg/1캡슐),(주)종근당,30.00,0.00,0.00,0.00,0.00,0.00,60.00,
,딜라트렌에스알캡슐8밀리그램(카르베딜롤)_(8mg/1캡슐),(주)종근당,30.00,0.00,0.00,0.00,0.00,0.00,60.00,
,딜라트렌정12.5mg(카르베딜롤)_(12.5mg/1정),(주)종근당,0.00,90.00,80.00,150.00,30.00,90.00,150.00,
,라미나지액(알긴산나트륨)(군납명:알긴산나트륨액)_(1g/20mL)(혼합과일향),(주)태준제약,21.00,0.00,288.00,180.00,9.00,90.00,93.00,
,라미실정125밀리그램(테르비나핀염산염)_(0.140625g/1정),한국노바티스(주),0.00,0.00,0.00,28.00,88.00,28.00,150.00,
,라미실크림1%(염산테르비나핀)_(0.15g/15g),(주)글락소스미스클라인컨슈머헬스케어코리아,1.00,0.00,0.00,2.00,0.00,0.00,3.00,
,라미실크림1%(테르비나핀염산염)_(0.3g/30g),(주)글락소스미스클라인컨슈머헬스케어코리아,0.00,0.00,0.00,0.00,0.00,1.00,-1.00,
,라벤다크림_(15g),에이프로젠제약(주),3.00,0.00,0.00,0.00,1.00,0.00,16.00,
,라비에트정10밀리그램(라베프라졸나트륨)_(10mg/1정),일동제약(주),0.00,3.00,14.00,0.00,0.00,0.00,96.00,
,라비에트정20밀리그램(라베프라졸나트륨)_(20mg/1정),일동제약(주),44.00,14.00,0.00,0.00,0.00,7.00,75.00,
,"라시도필캡슐_(락토바실루스람노수스R0011균락토바실루스아시도필루스Roo52균 혼합배양물, 20mg/1캡슐)",(주)한국팜비오,166.00,126.00,172.00,0.00,0.00,0.00,330.00,
,라식스정(푸로세미드)_(40mg/1정),(주)한독,0.00,142.00,183.50,97.50,224.00,180.00,173.00,
,라이센드플러스액,신신제약(주),0.00,0.00,0.00,0.00,1.00,0.00,-1.00,
,라코르정60/12.5밀리그램_(1정),동화약품(주),0.00,30.00,30.00,30.00,30.00,30.00,60.00,
,라토딘정10밀리그램(라푸티딘)_(10mg/1정),영진약품(주),0.00,0.00,88.00,27.00,22.00,0.00,75.00,
,락티케어제마지스로션0.25%(프레드니카르베이트)_(50mg/20g),(주)한국파마,0.00,1.00,0.00,0.00,0.00,0.00,2.00,
,란스톤엘에프디티정15밀리그램(란소프라졸)_(15mg/1정),한국다케다제약(주),0.00,0.00,0.00,0.00,0.00,0.00,65.00,
,란스톤캡슐15밀리그램(란소프라졸과립)_(15mg/1캡슐),제일약품(주),5.00,0.00,0.00,0.00,0.00,0.00,197.00,
,란프라캡슐30밀리그램(란소프라졸)_(30mg/1캡슐),(주)대웅제약,0.00,70.00,0.00,28.00,30.00,35.00,19.00,
,레바원정(레바미피드)_(0.1g/1정),대원제약(주),"1,319.00","2,575.00","2,749.00","2,456.00","2,843.00","3,425.00",213.00,
,레보드롭정(레보드로프로피진)_(60mg/1정),오스틴제약(주),105.00,441.00,84.00,72.00,21.00,150.00,321.00,
,레보카신정750밀리그램(레보플록사신수화물)_(0.7687g/1정),국제약품(주),73.00,10.00,57.00,88.00,42.00,47.00,52.00,
,레보프라이드정(레보설피리드)_(25mg/1정),에스케이케미칼(주),189.00,0.00,0.00,0.00,0.00,10.00,138.00,
,레보프란점안액(레보플록사신수화물)_(30mg/6mL),대한약품공업(주),3.00,4.00,2.00,3.00,2.00,4.00,5.00,
,레조트론정1밀리그램(프루칼로프라이드숙신산염),동화약품(주),0.00,0.00,0.00,35.00,15.00,0.00,41.00,
,레조트론정2밀리그램(프루칼로프라이드숙신산염),동화약품(주),0.00,0.00,0.00,0.00,14.00,0.00,-14.00,
,레졸로정2밀리그램(프루칼로프라이드숙신산염),(주)한국얀센,0.00,16.00,0.00,0.00,0.00,0.00,9.00,
,레타스점안액0.05%(시클로스포린)_(0.2mg/0.4mL),대화제약(주),0.00,0.00,0.00,0.00,0.00,30.00,30.00,
,레티리진정(레보세티리진염산염)_(5mg/1정),동화약품(주),0.00,0.00,0.00,0.00,0.00,0.00,0.00,
,레폭사신정(레보플록사신)(수출명:LEFOXACINTablet)_(0.1g/1정),(주)넥스팜코리아,0.00,0.00,0.00,0.00,21.00,0.00,39.00,
,렉사프로정10밀리그람(에스시탈로프람옥살산염)_(12.77mg/1정),한국룬드벡(주),0.00,0.00,0.00,0.00,0.00,0.00,0.00,
,렐바100엘립타_(30회),(주)글락소스미스클라인,5.00,3.00,3.00,5.00,5.00,2.00,8.00,
,렐바200엘립타_(30회),(주)글락소스미스클라인,0.00,3.00,1.00,1.00,0.00,0.00,3.00,
,로도질정_(1정),(주)사노피-아벤티스코리아,609.00,414.00,363.00,369.00,363.00,243.00,237.00,
,로미젯정10/10밀리그램_(1정),코오롱제약(주),0.00,0.00,30.00,37.00,35.00,37.00,161.00,
,로미젯정10/20밀리그램_(1정),코오롱제약(주),0.00,0.00,7.00,59.00,90.00,37.00,197.00,
,로미젯정10/5밀리그램_(1정),코오롱제약(주),0.00,0.00,60.00,60.00,141.00,95.00,124.00,
,로벨리토정150/20밀리그램_(1정),한미약품(주),0.00,0.00,0.00,0.00,60.00,0.00,60.00,
,로수바미브정10/10밀리그램_(1정),(주)유한양행,0.00,0.00,0.00,0.00,0.00,30.00,30.00,
,로수젯정10/10밀리그램_(1정),한미약품(주),74.00,58.00,58.00,0.00,0.00,0.00,80.00,
,로수젯정10/5밀리그램_(1정),한미약품(주),221.00,164.00,81.00,180.00,120.00,60.00,200.00,
,로스톤정10밀리그램(로수바스타틴칼슘)_(10.4mg/1정),(주)휴온스,0.00,60.00,0.00,120.00,0.00,60.00,120.00,
,로오딜슈프라정160mg(페노피브레이트)_(0.16g/1정),한국휴텍스제약(주),97.00,144.00,30.00,7.00,0.00,247.00,155.00,
,로파딘점안액(올로파타딘염산염)_(6.66mg/6mL),대한약품공업(주),0.00,0.00,0.00,0.00,0.00,3.00,3.00,
,로피롤에스캡슐130mg(미세화페노피브레이트구형과립)_(0.13g/1캡슐),알보젠코리아(주),0.00,0.00,0.00,0.00,0.00,120.00,0.00,
,록사펜정(록소프로펜나트륨수화물)_(68.1mg/1정),알리코제약(주),989.00,762.00,795.00,631.00,769.00,526.00,496.00,
,록소프린정(록소프로펜나트륨수화물)_(68.1mg/1정),(주)넥스팜코리아,54.00,174.00,149.00,132.00,164.00,102.00,245.00,
,록스탑정(록시트로마이신)_(0.15g/1정),우리들제약(주),487.00,539.00,280.00,118.00,298.00,109.00,289.00,
,루리드정(록시트로마이신)_(0.15g/1정),(주)한독,30.00,64.00,384.00,243.00,455.00,414.00,216.00,
,루알바정20밀리그램(레플루노미드)_(20mg/1정),(주)셀트리온제약,0.00,0.00,0.00,0.00,0.00,29.00,31.00,
,루카스트정10밀리그램(몬테루카스트나트륨)_(10.4mg/1정),우리들제약(주),"4,554.00","4,629.00","4,649.00","4,515.00","3,192.00","4,568.00","1,075.00",
,루카스트츄정5밀리그램(몬테루카스트나트륨)_(5.2mg/1정),우리들제약(주),0.00,30.00,30.00,0.00,0.00,28.00,80.00,
,리넥신정_(1정),에스케이케미칼(주),120.00,14.00,162.00,60.00,150.00,0.00,424.00,
,리노벤트비액(이프라트로퓸브롬화물수화물)_(4.6965mg/15mL),한림제약(주),0.00,0.00,1.00,2.00,2.00,4.00,3.00,
,리리카캡슐25밀리그램(프레가발린)_(25mg/1캡슐),한국화이자제약(주),0.00,0.00,130.00,0.00,0.00,0.00,140.00,
,리리카캡슐50밀리그램(프레가발린)_(50mg/1캡슐),한국화이자제약(주),0.00,35.00,73.00,79.00,0.00,0.00,113.00,
,리리카캡슐75밀리그램(프레가발린)_(75mg/1캡슐),한국화이자제약(주),0.00,0.00,130.00,35.00,219.00,50.00,226.00,
,리바로정2밀리그램(피타바스타틴칼슘)_(2mg/1정),제이더블유중외제약(주),120.00,0.00,50.00,60.00,7.00,30.00,150.00,
,리바로정4밀리그램(피타바스타틴칼슘)_(4mg/1정),제이더블유중외제약(주),0.00,0.00,120.00,0.00,65.00,104.00,191.00,
,리바틴정10밀리그램(아토르바스타틴칼슘수화물)_(10.85mg/1정),우리들제약(주),317.00,193.00,195.00,225.00,123.00,60.00,185.00,
,리바틴정20밀리그램(아토르바스타틴칼슘수화물)_(21.7mg/1정),우리들제약(주),28.00,190.00,196.00,164.00,155.00,201.00,176.00,
,리보트릴정(클로나제팜)_(0.5mg/1정),(주)한국로슈,30.00,218.00,28.00,28.00,45.50,57.75,202.75,
,리비알정(티볼론)_(2.5mg/1정),한국엠에스디(유),174.00,28.00,74.00,37.00,60.00,102.00,100.00,
,리세넥스플러스정_(1정),한림제약(주),0.00,0.00,0.00,4.00,8.00,0.00,12.00,
,리조덱플렉스터치주100단위/밀리리터_(1카트리지),노보노디스크제약(주),3.00,0.00,5.00,2.00,3.00,22.00,12.00,
,리포덱스정450밀리그람(리팜피신)/종근당리팜피신정450밀리그람(수출용)_(0.45g/1정),(주)종근당,30.00,30.00,0.00,0.00,0.00,0.00,166.00,
,리포덱스정600밀리그람(리팜피신)/종근당리팜피신정600밀리그람(수출용)_(0.6g/1정),(주)종근당,30.00,0.00,0.00,12.00,0.00,0.00,238.00,
,리프레쉬플러스점안액0.5%(카르복시메틸셀룰로오스나트륨),한국엘러간(주),0.00,0.00,0.00,0.00,30.00,60.00,180.00,
,리피딜슈프라정(페노피브레이트)_(0.16g/1정),(주)녹십자,0.00,0.00,0.00,30.00,97.00,120.00,203.00,
,리피로우정10mg(무수아토르바스타틴칼슘)_(10.36mg/1정),(주)종근당,97.00,102.00,88.00,132.00,88.00,14.00,154.00,
,리피로우정20밀리그램(무수아토르바스타틴칼슘)_(20.72mg/1정),(주)종근당,0.00,0.00,0.00,0.00,0.00,0.00,60.00,
,리피토정10밀리그램(아토르바스타틴칼슘삼수화물)_(10.85mg/1정),한국화이자제약(주),67.00,97.00,81.00,270.00,118.00,231.00,212.00,
,리피토정20밀리그램(아토르바스타틴칼슘삼수화물)_(21.7mg/1정),한국화이자제약(주),90.00,30.00,0.00,180.00,0.00,150.00,120.00,
,리피토정40밀리그램(아토르바스타틴칼슘삼수화물)_(43.4mg/1정),한국화이자제약(주),0.00,0.00,0.00,0.00,28.00,150.00,102.00,
,마그네스디정(병) 100T 대화,대화제약,0.00,0.00,9.00,102.00,60.00,0.00,130.00,
,마그밀정(수산화마그네슘)_(0.5g/1정),삼남제약(주),360.00,392.00,447.00,365.00,734.00,360.00,"1,683.00",
,마그비타연질캡슐(수출명:마라비타연질캡슐),(주)뉴젠팜,0.00,0.00,0.00,116.00,14.00,0.00,98.00,
,마디핀정10밀리그램(마니디핀염산염)_(10mg/1정),에이치케이이노엔(주),0.00,60.00,0.00,60.00,0.00,60.00,60.00,
,마이락스산(폴리에틸렌글리콜3350),(주)한국파비스제약,0.00,30.00,33.00,60.00,30.00,44.00,"1,415.00",
,마이암부톨제피정400밀리그램(에탐부톨염산염)_(0.4g/1정),(주)유한양행,120.00,60.00,0.00,24.00,0.00,0.00,228.00,
,맥스마빌장용정_(1정),(주)유유제약,0.00,0.00,60.00,0.00,0.00,73.00,47.00,
,맥시부펜이알정(덱시부프로펜)_(0.3g/1정),한미약품(주),0.00,0.00,20.00,0.00,0.00,10.00,264.00,
,맥페란정(메토클로프라미드)_(3.84mg/1정),동화약품(주),0.00,15.00,0.00,6.00,0.00,0.00,79.00,
,멀타핀정7.5밀리그램(미르타자핀)_(7.5mg/1정),현대약품(주),60.00,58.00,58.00,28.00,88.00,28.00,46.00,
,메가베타정(베타히스틴염산염),(주)휴온스,300.00,134.00,303.00,180.00,180.00,0.00,962.00,
,메가트리연질캡슐(오메가-3-산에틸에스테르90)_(1g/1캡슐),알리코제약(주),262.00,302.00,442.00,834.00,914.00,"1,520.00",526.00,
,메녹틸정40밀리그램(옥틸로늄브롬화물)_(40mg/1정),동화약품(주),0.00,0.00,91.00,0.00,0.00,0.00,99.00,
,"메디락에스장용캡슐(바실루스서브틸리스균,엔테로코쿠스페슘균배양물)_(0.125g/1캡슐)",한미약품(주),0.00,45.00,0.00,0.00,15.00,0.00,180.00,
,메로빅캡슐(멜록시캄)_(7.5mg/1캡슐),(주)셀트리온제약,318.00,224.00,160.00,352.00,54.00,138.00,145.00,
,메로빅캡슐15밀리그램(멜록시캄)_(15mg/1캡슐),(주)셀트리온제약,0.00,0.00,0.00,0.00,0.00,14.00,94.00,
,메부라틴정150밀리그람(트리메부틴말레산염)(수출명:MEBURATIN Tablet 150mg)_(0.15g/1정),(주)넥스팜코리아,0.00,0.00,90.00,0.00,0.00,0.00,112.00,
,메이트정(탈니플루메이트)_(0.37g/1정),알리코제약(주),0.00,21.00,21.00,0.00,21.00,0.00,102.00,
,메타맥스정(염산펜터민)_(37.5mg/1정),구주제약(주),72.00,72.00,0.00,0.00,0.00,0.00,96.00,
,메타맥스정(염산펜터민)_(37.5mg/1정),구주제약(주),0.00,0.00,42.00,90.00,30.00,30.00,54.00,
,메트로정500밀리그램(메트포르민염산염)_(0.5g/1정),알리코제약(주),30.00,93.00,280.00,180.00,65.00,148.00,104.00,
,멜라논크림,동아에스티㈜,0.00,2.00,0.00,1.00,0.00,0.00,6.00,
,멜라킹,,0.00,0.00,0.00,0.00,80.00,105.00,-5.00,
,명문니트로글리세린0.6밀리그램설하정_(0.6mg/1정),명문제약(주),12.00,0.00,6.00,7.00,0.00,3.00,154.00,
,모니메르정(모니플루메이트)_(0.35g/1정),알리코제약(주),0.00,0.00,0.00,0.00,0.00,0.00,293.00,
,모록사신정400밀리그램(목시플록사신염산염)_(0.4368g/1정),한미약품(주),98.00,47.00,113.00,94.00,77.00,125.00,99.00,
,모빅캡슐7.5밀리그램(멜록시캄)_(7.5mg/1캡슐),한국베링거인겔하임(주),0.00,0.00,0.00,0.00,88.00,0.00,156.00,
,모사리드정(모사프리드시트르산염이수화물)_(5.29mg/1정),구주제약(주),57.00,39.00,0.00,0.00,0.00,0.00,0.00,
,모사린정(모사프리드시트르산염수화물)_(5.29mg/1정),알리코제약(주),"4,807.00","4,686.00","4,457.00","1,391.00",641.00,"1,150.00","2,607.00",
,모사틴서방정15밀리그램(모사프리드시트르산염수화물)_(15.88mg/1정),우리들제약(주),0.00,0.00,393.00,"2,823.00","2,108.00","2,521.00",345.00,
,모사피트정5밀리그램(모사프리드시트르산염수화물)_(5.29mg/1정),(주)테라젠이텍스,0.00,0.00,0.00,0.00,0.00,0.00,0.00,
,"모티리톤정_(현호색·견우자(5:1) 50% 에탄올 연조엑스(9.5~11.5→1), 30mg/1정)",동아에스티(주),"1,074.00","1,053.00","1,293.00",975.00,"1,176.00",982.00,471.00,
,목시스타점안액(목시플록사신염산염)_(2.18mg/0.4mL),삼천당제약(주),0.00,10.00,0.00,0.00,0.00,0.00,10.00,
,목시프란점안액(목시플록사신염산염)_(32.7mg/6mL),대한약품공업(주),0.00,0.00,0.00,0.00,0.00,2.00,1.00,
,몬테리진캡슐_(1캡슐),한미약품(주),60.00,0.00,0.00,0.00,0.00,0.00,120.00,
,무노발정5밀리그람(펠로디핀)_(5mg/1정),(주)한독,0.00,90.00,0.00,0.00,0.00,0.00,90.00,
,무코스타정(레바미피드)_(0.1g/1정),한국오츠카제약(주),"1,155.00","1,246.00",683.00,604.00,842.00,819.00,474.00,
,무테린캡슐200밀리그램(아세틸시스테인)_(0.2g/1캡슐),한국유나이티드제약(주),0.00,0.00,21.00,63.00,42.00,21.00,93.00,
,뮤코라제정(스트렙토키나제.스트렙토도르나제분말)(수출명:한미라제정)_(12.5KI.U/1정),한미약품(주),0.00,0.00,35.00,39.00,12.00,0.00,43.00,
,뮤테란캡슐200밀리그램(아세틸시스테인)_(0.2g/1캡슐),한화제약(주),210.00,165.00,180.00,150.00,150.00,222.00,527.00,
,미노씬캡슐50mg(미노사이클린염산염)_(50mg/1캡슐),에스케이케미칼(주),30.00,0.00,0.00,0.00,28.00,0.00,32.00,
,미니린정0.1밀리그램(데스모프레신아세트산염)_(0.1mg/1정),한국페링제약(주),335.00,188.00,303.00,168.00,418.00,176.00,308.50,
,미카르디스정40밀리그램(텔미사르탄)_(40mg/1정),한국베링거인겔하임(주),108.00,15.00,47.50,30.00,88.00,111.00,320.50,
,미카르디스정80밀리그램(텔미사르탄)_(80mg/1정),한국베링거인겔하임(주),14.00,44.00,30.00,30.00,30.00,30.00,92.00,
,미카르디스플러스정40/12.5밀리그램_(1정),한국베링거인겔하임(주),81.00,90.00,180.00,120.00,210.00,0.00,214.00,
,미카르디스플러스정80/12.5밀리그램_(1정),한국베링거인겔하임(주),28.00,60.00,0.00,0.00,0.00,0.00,131.00,
,바난정(세프포독심프록세틸)_(0.1g/1정),에이치케이이노엔(주),12.00,116.00,32.00,37.00,40.00,150.00,276.00,
,바르디핀정5/160밀리그램_(1정),우리들제약(주),50.00,0.00,60.00,68.00,120.00,90.00,153.00,
,바르디핀정5/80밀리그램_(1정),우리들제약(주),60.00,0.00,0.00,0.00,0.00,0.00,108.00,
,바르반정80mg(발사르탄)_(80mg/1정),우리들제약(주),0.00,30.00,44.00,51.00,44.00,28.00,133.00,
,바리움정5밀리그람(디아제팜)_(5mg/1정),(주)한국로슈,0.00,0.00,11.00,7.00,0.00,0.00,82.00,
,바스티난엠알서방정(트리메타지딘염산염)_(35mg/1정),한국세르비에(주),116.00,74.00,132.00,116.00,120.00,120.00,166.00,
,바스티난정(트리메타지딘염산염)_(20mg/1정),한국세르비에(주),0.00,0.00,0.00,0.00,49.00,102.00,850.00,
,바실리스캡슐(바실루스리케니포르미스균)_(0.25g/1캡슐),알리코제약(주),402.00,720.00,"1,119.00","1,311.00","1,364.00",600.00,922.00,
,바이버정(아시클로버)_(0.2g/1정),한미약품(주),0.00,45.00,0.00,15.00,0.00,0.00,60.00,
,바이버크림(아시클로버)(수출명;바이럴크림)_(0.25g/5g),한미약품(주),2.00,1.00,0.00,4.00,1.00,3.00,7.00,
,바크라폰정10밀리그램(바클로펜)_(10mg/1정),알리코제약(주),0.00,0.00,0.00,9.00,14.00,93.00,179.50,
,바헬바레스피맷_(60회),한국베링거인겔하임(주),11.00,12.00,10.00,8.00,8.00,16.00,4.00,
,박테로신연고(무피로신)(수출명: KM MUPIROCIN Oint)_(0.3g/15g),한국콜마(주),0.00,0.00,5.00,3.00,10.00,7.00,9.00,
,발렉스정500mg(발라시클로버염산염)_(0.556g/1정),오스틴제약(주),0.00,0.00,0.00,0.00,88.00,70.00,82.00,
,발사렉스정5/80밀리그램_(1정),(주)휴온스,164.00,150.00,120.00,270.00,60.00,120.00,106.00,
,발트렉스정500밀리그램(발라시클로비르염산염)_(0.556g/1정),(주)글락소스미스클라인,18.00,0.00,9.00,74.00,0.00,42.00,67.00,
,베니톨정(미세정제플라보노이드분획물)_(0.5g/1정),광동제약(주),0.00,0.00,0.00,0.00,60.00,60.00,90.00,
,베라실정(베라프로스트나트륨)_(20μg/1정),제일약품(주),45.00,0.00,0.00,0.00,0.00,0.00,389.00,
,베라칸서방캡슐37.5밀리그램(벤라팍신염산염)_(42.42mg/1캡슐),대웅바이오(주),0.00,0.00,0.00,44.00,0.00,0.00,106.00,
,베라칸서방캡슐75밀리그램(벤라팍신염산염)_(84.84mg/1캡슐),대웅바이오(주),0.00,0.00,0.00,0.00,30.00,30.00,70.00,
,베루말액(전문) 13ML 동아,동아에스티(주)서울지점,1.00,3.00,1.00,2.00,3.00,1.00,2.00,
,베리온서방정(베포타스틴살리실산염)_(19.28mg/1정),한림제약(주),0.00,0.00,0.00,0.00,30.00,30.00,0.00,
,베스타제포르테정,동아제약㈜,0.00,0.00,0.00,0.00,0.00,0.00,60.00,
,베시캄정5밀리그램(솔리페나신숙신산염)_(5mg/1정),한국콜마(주),0.00,0.00,90.00,0.00,0.00,0.00,0.00,
,베시케어정5밀리그램(솔리페나신숙신산염)_(5mg/1정),한국아스텔라스제약(주),0.00,0.00,0.00,0.00,0.00,30.00,70.00,
,베아제정,대웅제약,15.00,45.00,0.00,0.00,0.00,0.00,0.00,
,베아크라정625밀리그램(아목시실린수화물-묽은클라불란산칼륨)_(1정),대웅바이오(주),24.00,0.00,0.00,0.00,0.00,84.00,109.00,
,베아투스정(레보드로프로피진)_(60mg/1정),대웅바이오(주),0.00,0.00,21.00,0.00,0.00,0.00,138.00,
,"베이사글라퀵펜100단위/밀리리터(인슐린글라진, 유전자재조합)_(300I.U/3mL)",한국릴리(유),0.00,0.00,0.00,10.00,0.00,5.00,10.00,
,베타디온정(베포타스틴베실산염)_(10mg/1정),구주제약(주),7.00,14.00,42.00,0.00,0.00,0.00,0.00,
,베타미가서방정50밀리그램(미라베그론)_(50mg/1정),한국아스텔라스제약(주),498.00,733.00,492.00,637.00,824.00,715.00,650.00,
,벤토린에보할러(살부타몰황산염)_(32.134mg/200회),(주)글락소스미스클라인,3.00,2.00,5.00,2.00,8.00,6.00,5.00,
,보나링에이정(디멘히드리네이트)_(50mg/1정),일양약품(주),54.00,54.00,33.00,32.50,26.00,22.00,556.50,
,보령메이액트정100밀리그램(세프디토렌피복실)_(0.1g/1정),보령제약(주),0.00,0.00,21.00,60.00,0.00,21.00,98.00,
,보령바이오아스트릭스캡슐100밀리그램(아스피린장용과립)_(0.1g/1캡슐),(주)보령바이오파마,180.00,109.00,348.00,348.00,560.00,586.00,320.00,
,보령퀘스트란현탁용산(콜레스티라민레진)_(4g/9g),보령제약(주),0.00,7.00,0.00,0.00,0.00,0.00,60.00,
,본디칼플러스정_(1정),(주)아이월드제약,0.00,0.00,0.00,0.00,0.00,0.00,0.00,
,부광메티마졸정_(5mg/1정),부광약품(주),0.00,0.00,0.00,0.00,70.00,0.00,230.00,
,부광아젭틴정(아젤라스틴염산염)_(1mg/1정),부광약품(주),"1,074.00",820.00,"1,552.00","1,858.00","1,506.00","1,361.00","1,029.00",
,부데코트흡입액(미분화부데소니드)_(0.5mg/2mL),대한약품공업(주),0.00,0.00,0.00,0.00,60.00,60.00,60.00,
,부스론정5밀리그램(부스피론염산염)_(5mg/1정),부광약품(주),336.00,195.00,147.00,63.00,362.00,288.00,365.00,
,부스코판당의정(브롬화부틸스코폴라민)_(10mg/1정),(주)사노피-아벤티스코리아,0.00,30.00,84.00,126.00,84.00,42.00,125.00,
,브로나제장용정(브로멜라인)_(0.1g/1정),(주)마더스제약,9.00,36.00,14.00,0.00,36.00,57.00,139.00,
,브론키정(펠라고니움시도이데스11%에탄올건조엑스(5.5~6.6→1))_(20mg/1정),(주)동구바이오제약,49.00,81.00,238.00,108.00,162.00,138.00,330.00,
,브롤라인장용정(브로멜라인)_(0.1g/1정),대화제약(주),0.00,0.00,0.00,478.00,381.00,236.00,402.00,
,비나크린정(염산사르포그릴레이트)_(0.1g/1정),(주)셀트리온제약,0.00,120.00,0.00,180.00,0.00,120.00,240.00,
,비리어드정(테노포비르디소프록실푸마르산염)_(0.3g/1정),길리어드사이언스코리아(유),0.00,0.00,0.00,0.00,0.00,0.00,30.00,
,비모보정 500/20밀리그램_(1정),한국아스트라제네카(주),0.00,0.00,0.00,16.00,10.00,0.00,34.00,
,비아그라정100밀리그람(구연산실데나필),한국화이자제약(주),16.00,10.00,4.00,0.00,12.00,4.00,30.00,
,비오락토캡슐(락토바실루스아시도필루스균)_(0.3g/1캡슐),삼천당제약(주),0.00,195.00,63.00,0.00,0.00,0.00,0.00,
,비오플250산(사카로마이세스보울라르디균)_(0.2825g/0.765g),건일제약(주),166.00,337.00,640.00,140.00,0.00,56.00,591.00,
,빅토자펜주6밀리그램/밀리리터(리라글루티드),노보노디스크제약(주),0.00,0.00,0.00,0.00,0.00,0.00,0.00,
,삐콤정,(주)유한양행,164.00,242.00,444.00,52.00,88.00,60.00,780.00,
,삭센다펜주6밀리그램/밀리리터(리라글루티드),노보노디스크제약(주),1.00,0.00,0.00,0.00,0.00,0.00,0.00,
,산텐가리유니점안액(피레녹신)_(0.25mg/5mL),한국산텐제약(주),0.00,0.00,0.00,0.00,0.00,0.00,2.00,
,삼남로페라마이드캡슐(로페라미드염산염)_(2mg/1캡슐),삼남제약(주),86.00,69.00,66.00,9.00,39.00,42.00,486.00,
,삼아리도멕스로션(프레드니솔론발레로아세테이트)_(0.18g/60g),삼아제약(주),0.00,0.00,0.00,0.00,0.00,2.00,2.00,
,삼아리도멕스크림(프레드니솔론발레로아세테이트)_(60mg/20g),삼아제약(주),0.00,0.00,0.00,0.00,1.00,0.00,24.00,
,삼익아세트아미노펜정500밀리그람_(0.5g/1정),삼익제약(주),60.00,0.00,63.00,63.00,42.00,21.00,131.00,
,삼진디아제팜정2밀리그람_(2mg/1정),삼진제약(주),83.00,60.50,52.00,69.00,28.00,110.00,280.00,
,삼천당산화마그네슘정250밀리그람_(0.25g/1정),삼천당제약(주),51.00,63.00,127.00,217.00,120.00,172.00,"1,061.00",
,서카딘서방정2mg(멜라토닌),건일제약(주),104.00,118.00,130.00,132.00,150.00,90.00,112.00,
,설포라제캡슐(아세브로필린)_(0.1g/1캡슐),현대약품(주),314.00,264.00,264.00,128.00,116.00,88.00,185.00,
,세레타이드250디스커스_(60회),(주)글락소스미스클라인,0.00,0.00,0.00,0.00,0.00,0.00,12.00,
,세비카에이치씨티정5/20/12.5밀리그램_(1정),한국다이이찌산쿄(주),30.00,0.00,60.00,0.00,120.00,0.00,126.00,
,세비카정 5/20밀리그램_(1정),한국다이이찌산쿄(주),0.00,0.00,0.00,0.00,0.00,30.00,54.00,
,세비카정 5/40밀리그램_(1정),한국다이이찌산쿄(주),60.00,116.00,0.00,116.00,0.00,116.00,152.00,
,세크로정(아세클로페낙)(수출명:HUONSACENACTab.)_(0.1g/1정),(주)휴온스,0.00,0.00,558.00,0.00,0.00,0.00,0.00,
,세티정(토피라메이트)_(0.1g/1정),(주)휴온스,30.00,0.00,0.00,0.00,28.00,0.00,102.00,
,세티정25밀리그람(토피라메이트)_(25mg/1정),(주)휴온스,178.00,90.00,388.00,270.00,236.00,58.00,322.00,
,세프젠캡슐500밀리그램(세프라딘수화물)_(0.5g/1캡슐),오스틴제약(주),27.00,80.00,40.00,84.00,40.00,48.00,97.00,
,세피클캡슐(세파클러수화물)_(0.25g/1캡슐),(주)넥스팜코리아,0.00,0.00,0.00,0.00,24.00,24.00,252.00,
,센돔 5mg,,0.00,0.00,0.00,0.00,0.00,60.00,-60.00,
,셀라빅스정75밀리그램(클로피도그렐황산염)_(97.875mg/1정),(주)셀트리온제약,110.00,30.00,185.00,117.00,374.00,304.00,202.00,
,셀레비카정10/40밀리그램_(1정),(주)셀트리온제약,0.00,0.00,28.00,28.00,0.00,7.00,103.00,
,셀레비카정5/20밀리그램_(1정),(주)셀트리온제약,77.00,60.00,60.00,180.00,0.00,90.00,67.00,
,셀레비카정5/40밀리그램_(1정),(주)셀트리온제약,28.00,0.00,15.00,21.00,44.00,0.00,105.00,
,셀메텍정10밀리그램(올메사탄메독소밀)_(10mg/1정),(주)셀트리온제약,0.00,0.00,0.00,44.00,30.00,30.00,76.00,
,셀메텍정20밀리그램(올메사르탄메독소밀)_(20mg/1정),(주)셀트리온제약,0.00,30.00,0.00,30.00,14.00,21.00,197.00,
,셀미살탄정40밀리그램(텔미사르탄)_(40mg/1정),(주)셀트리온제약,192.00,125.00,220.00,257.00,175.00,234.00,143.00,
,셀미살탄정80밀리그램(텔미사르탄)_(80mg/1정),(주)셀트리온제약,0.00,90.00,0.00,60.00,90.00,60.00,120.00,
,셀미스타정40/5밀리그램_(1정),(주)셀트리온제약,0.00,0.00,0.00,0.00,90.00,0.00,150.00,
,셀미플러스정40/12.5밀리그램_(1정),(주)셀트리온제약,0.00,0.00,14.00,0.00,0.00,0.00,76.00,
,셀미플러스정80/12.5밀리그램_(1정),(주)셀트리온제약,0.00,0.00,28.00,0.00,0.00,0.00,62.00,
,셀베스타캡슐(세레콕시브)_(0.2g/1캡슐),동아에스티(주),0.00,0.00,0.00,0.00,0.00,0.00,53.00,
,셀벡스캡슐(테프레논)_(50mg/1캡슐),부광약품(주),60.00,102.00,84.00,34.00,300.00,0.00,303.00,
,셀스틴정(아젤라스틴염산염)_(1mg/1정),(주)셀트리온제약,"2,378.00","2,052.00","2,256.00","1,702.00","1,898.00","2,304.00",641.00,
,셀칼콘정(폴리카르보필칼슘)_(0.625g/1정),(주)셀트리온제약,543.00,701.00,"1,759.00","1,197.00",621.00,264.00,"1,485.00",
,셀코르정(메틸프레드니솔론)_(4mg/1정),(주)셀트리온제약,0.00,194.50,46.00,0.00,420.00,812.00,358.00,
,셀코브렉스캡슐100밀리그램(세레콕시브)_(0.1g/1캡슐),알리코제약(주),472.00,224.00,126.00,284.00,333.00,186.00,291.00,
,셀코브렉스캡슐200mg(세레콕시브)_(0.2g/1캡슐),알리코제약(주),80.00,150.00,100.00,116.00,257.00,267.00,262.00,
,셀큐라민정(은행엽건조엑스)_(80mg/1정),(주)셀트리온제약,0.00,0.00,0.00,0.00,148.00,474.00,218.00,
,셀트리메정20밀리그램(트리메타지딘염산염)_(20mg/1정),(주)셀트리온제약,306.00,453.00,319.00,229.00,429.00,423.00,205.00,
,셀트리온클래리트로마이신정500밀리그램_(0.5g/1정),(주)셀트리온제약,14.00,70.00,35.00,42.00,84.00,84.00,156.00,
,셀트리온트리메부틴말레산염정_(0.2g/1정),(주)셀트리온제약,315.00,214.00,567.00,155.00,387.00,219.00,577.00,
,셉트린정_(1정),삼일제약(주),21.00,35.00,28.00,35.00,35.00,133.00,219.00,
,소론도정(프레드니솔론)_(5mg/1정),(주)유한양행,447.00,435.00,755.50,590.00,352.00,77.00,981.00,
,솔코린점안액(솔코세릴120농축물)_(28.02mg/0.4mL),한림제약(주),0.00,0.00,0.00,0.00,0.00,0.00,30.00,
,솔페락정10mg(솔리페나신숙신산염)_(10mg/1정),알리코제약(주),0.00,44.00,30.00,0.00,0.00,0.00,226.00,
,솔페락정5mg(솔리페나신숙신산염)_(5mg/1정),알리코제약(주),30.00,50.00,30.00,0.00,60.00,74.00,245.00,
,슈다페드정(슈도에페드린염산염)_(60mg/1정),삼일제약(주),883.50,694.50,"1,145.50",502.00,553.50,571.50,423.00,
,스멕타현탁액(디옥타헤드랄스멕타이트)_(3g/20mL),(주)대웅제약,0.00,0.00,24.00,105.00,45.00,36.00,137.00,
,스멕타현탁액(디옥타헤드랄스멕타이트)_(75g/500mL),(주)대웅제약,0.00,0.00,0.00,0.00,180.00,0.00,0.00,
,스토린액(알긴산나트륨)_(1.25g/25mL),(주)일화,0.00,42.00,0.00,0.00,0.00,0.00,0.00,
,스티렌정(애엽95%에탄올연조엑스(20→1))_(60mg/1정),동아에스티(주),255.00,274.00,84.00,0.00,21.00,15.00,244.00,
,스티렌투엑스정(애엽95%에탄올연조엑스(20→1))_(90mg/1정),동아에스티(주),6.00,28.00,48.00,0.00,22.00,0.00,64.00,
,스티바에이크림0.01Percent 25G 글락소,한국글락소스미스클라인,0.00,0.00,0.00,0.00,0.00,0.00,2.00,
,스티바에이크림0.025%(트레티노인),(주)글락소스미스클라인,0.00,0.00,5.00,4.00,0.00,0.00,2.00,
,스틸녹스정10밀리그램(졸피뎀타르타르산염)_(10mg/1정),(주)한독,249.00,345.50,476.00,256.00,217.00,113.00,152.50,
,스파토민캡슐(염산디싸이클로민),조아제약(주),18.00,57.00,9.00,21.00,0.00,0.00,-21.00,
,스포라녹스캡슐(이트라코나졸)_(0.1g/1캡슐),(주)한국얀센,126.00,300.00,0.00,300.00,240.00,180.00,281.00,
,스피다제정(스트렙토키나제·스트렙토도르나제)_(12.5KI.U/1정),(주)동구바이오제약,0.00,6.00,20.00,112.00,56.00,18.00,773.00,
,스피리바레스피맷(티오트로퓸브롬화물수화물)_(0.15mg/60회),한국베링거인겔하임(주),37.00,34.00,38.00,30.00,29.00,36.00,30.00,
,스피리바레스피맷(티오트로퓸브롬화물수화물)_(0.15mg/60회)(다회용),한국베링거인겔하임(주),0.00,0.00,0.00,0.00,0.00,0.00,2.00,
,스피리바레스피맷(티오트로퓸브롬화물수화물)_(0.15mg/60회)(리필용),한국베링거인겔하임(주),0.00,0.00,0.00,0.00,0.00,0.00,2.00,
,스피리바흡입용캡슐(티오트로퓸브롬화물수화물)_(22.5㎍/1캡슐),한국베링거인겔하임(주),30.00,30.00,30.00,0.00,0.00,0.00,60.00,
,슬렌콘정250밀리그람(클로르페네신카르바메이트)_(0.25g/1정),한국휴텍스제약(주),62.00,34.00,0.00,0.00,0.00,0.00,187.00,
,시그마트정5밀리그램(니코란딜)_(5mg/1정),제이더블유중외제약(주),0.00,0.00,0.00,0.00,0.00,0.00,110.00,
,시네츄라시럽_(15mL),안국약품(주),57.00,90.00,162.00,227.00,317.00,257.00,285.00,
,시알리스정20밀리그람(타다라필),한국릴리(유),0.00,0.00,4.00,0.00,0.00,0.00,4.00,
,시알리스정5밀리그램(타다라필),한국릴리(유),0.00,0.00,0.00,0.00,0.00,0.00,36.00,
,신신린단액(린단),신신제약(주),0.00,90.00,0.00,0.00,0.00,0.00,0.00,
,신신티눈액,신신제약(주),1.00,5.00,3.00,1.00,0.00,2.00,13.00,
,신일폴산정_(1mg/1정),신일제약(주),118.00,35.00,28.00,56.00,35.00,64.00,670.00,
,신일피리독신정(피리독신염산염)_(50mg/1정),신일제약(주),37.00,30.00,30.00,30.00,30.00,30.00,241.00,
,신풍트리플루살캡슐_(0.3g/1캡슐),신풍제약(주),0.00,0.00,0.00,0.00,0.00,0.00,180.00,
,실로스탄씨알정(실로스타졸)_(0.2g/1정),한국유나이티드제약(주),28.00,14.00,7.00,29.00,60.00,21.00,113.00,
,실로스탄씨알정100밀리그램(실로스타졸)_(0.1g/1정),한국유나이티드제약(주),28.00,60.00,0.00,60.00,60.00,0.00,246.00,
,실마진1%크림(설파디아진은)(수출명 : Emzin Cream Silver Sulfadiazine 1%)_(0.2g/20g),동화약품(주),1.00,2.00,1.00,1.00,1.00,0.00,3.00,
,실콘정(폴리카르보필칼슘)_(0.625g/1정),명문제약(주),90.00,0.00,0.00,0.00,0.00,0.00,0.00,
,심비코트터부헬러160/4.5마이크로그램_(120회),한국아스트라제네카(주),60.00,54.00,62.00,55.00,49.00,62.00,34.00,
,싱귤레어정10밀리그램(몬테루카스트나트륨)_(10.4mg/1정),한국엠에스디(유),840.00,710.00,553.00,717.00,"1,013.00",746.00,590.00,
,싸리움캡슐(플루나리진염산염)_(5.9mg/1캡슐),한국휴텍스제약(주),0.00,0.00,0.00,0.00,0.00,51.00,69.00,
,썰박타민정500밀리그램(아목시실린·설박탐피복실)_(1정),대웅바이오(주),0.00,0.00,0.00,0.00,0.00,9.00,243.00,
,썰타실린정500밀리그람(아목시실린·피복실설박탐)_(1정),(주)넥스팜코리아,0.00,0.00,0.00,0.00,0.00,0.00,69.00,
,쎄닐톤정,(주)동구제약,0.00,0.00,0.00,0.00,0.00,0.00,110.00,
,쎄레브렉스캡슐100밀리그램(세레콕시브)_(0.1g/1캡슐),한국화이자제약(주),88.00,88.00,122.00,48.00,44.00,134.00,134.00,
,쎄레브렉스캡슐200밀리그램(세레콕시브)_(0.2g/1캡슐),한국화이자제약(주),0.00,0.00,14.00,37.00,7.00,0.00,50.00,
,씨프로바이정250밀리그램(시프로플록사신염산염수화물)_(0.291g/1정),바이엘코리아(주),82.00,369.00,246.00,60.00,204.00,14.00,165.00,
,씨프로바이정750밀리그램(시프로플록사신염산염)_(0.873g/1정),바이엘코리아(주),0.00,0.00,0.00,0.00,0.00,0.00,-14.00,
,씨프록정250밀리그램(시프로플록사신염산염수화물)_(0.291g/1정),(주)넥스팜코리아,466.00,461.00,522.00,541.00,424.00,450.00,421.00,
,씬지로이드정0.025밀리그램(레보티록신나트륨수화물)_(25μg/1정),부광약품(주),14.00,0.00,30.00,0.00,30.00,14.00,226.00,
,씬지로이드정0.05밀리그램(레보티록신나트륨수화물)_(50μg/1정),부광약품(주),134.00,0.00,0.00,90.00,0.00,14.00,341.00,
,씬지로이드정0.075밀리그램(레보티록신나트륨수화물)_(75μg/1정),부광약품(주),30.00,181.00,37.00,120.00,90.00,260.00,267.00,
,씬지로이드정0.1밀리그램(레보티록신나트륨수화물)_(0.1mg/1정),부광약품(주),58.00,210.00,285.00,120.00,30.00,30.00,268.00,
,씬지록신정100마이크로그램(레보티록신나트륨수화물)_(0.1mg/1정),(주)다림바이오텍,0.00,0.00,0.00,0.00,365.00,0.00,35.00,
,씬지록신정25마이크로그램(레보티록신나트륨수화물)_(25μg/1정),(주)다림바이오텍,0.00,0.00,0.00,0.00,365.00,0.00,35.00,
,씬지록신정75마이크로그램(레보티록신나트륨수화물)_(75μg/1정),(주)다림바이오텍,0.00,0.00,0.00,0.00,35.00,0.00,65.00,
,아고틴정25밀리그램(아고멜라틴)_(25mg/1정),환인제약(주),30.00,28.00,28.00,28.00,28.00,28.00,28.00,
,"아기오과립_(아기오쿨 원료과립, 4.08g/6g)",부광약품(주),0.00,7.00,178.00,106.00,70.00,7.00,289.00,
,아나프록스정(나프록센나트륨)_(0.275g/1정),(주)종근당,47.00,171.00,286.00,115.00,177.00,112.00,88.00,
,아뉴이티100엘립타(플루티카손푸로에이트(미분화))_(0.1mg/30회),(주)글락소스미스클라인,10.00,3.00,6.00,11.00,7.00,6.00,4.00,
,아달라트오로스정30(니페디핀)_(33mg/1정),바이엘코리아(주),30.00,120.00,30.00,30.00,32.00,120.00,220.00,
,아디팜정(히드록시진염산염)_(10mg/1정),태극제약(주),60.00,0.00,0.00,60.00,0.00,60.00,729.00,
,아락실과립,부광약품(주),0.00,10.00,0.00,0.00,0.00,0.00,20.00,
,아로베스트정(아플로쿠알론)_(20mg/1정),에이치케이이노엔(주),21.00,0.00,65.00,0.00,27.00,0.00,335.00,
,아마릴-멕스서방정2/500밀리그램_(1정),(주)한독,30.00,60.00,0.00,0.00,0.00,0.00,90.00,
,아마릴엠정2/500밀리그람(수출명 : 코아마릴2/500밀리그람)_(1정),(주)한독,90.00,60.00,30.00,30.00,40.00,0.00,140.00,
,아마릴정2밀리그람(글리메피리드)_(2mg/1정),(주)한독,93.00,194.50,208.00,182.00,157.00,60.00,199.50,
,아마릴정4밀리그람(글리메피리드)_(4mg/1정),(주)한독,0.00,0.00,30.00,30.00,31.00,31.00,191.00,
,"아모디핀정(캄실산암로디핀)(수출명:딥바스크정,오랄캄정,암바스크정)_(7.841mg/1정)",한미약품(주),0.00,150.00,90.00,60.00,14.00,60.00,136.00,
,아모잘탄정5/100밀리그램_(1정),한미약품(주),60.00,0.00,30.00,0.00,0.00,210.00,300.00,
,아모잘탄정5/50밀리그램_(1정),한미약품(주),150.00,0.00,60.00,14.00,240.00,44.00,182.00,
,아모잘탄플러스정 5/50/12.5밀리그램_(1정),한미약품(주),0.00,30.00,67.00,0.00,0.00,0.00,143.00,
,"아목사펜캡슐(아목시실린수화물)(수출명:아드목스캡슐,에프페닉스캡슐)_(0.25g/1캡슐)",(주)종근당,165.00,18.00,9.00,63.00,87.00,63.00,275.00,
,아바미스나잘스프레이(미분화플루티카손푸로에이트)_(3.3mg/120회),(주)글락소스미스클라인,5.00,5.00,8.00,4.00,8.00,9.00,11.00,
,아보다트연질캡슐0.5밀리그램(두타스테리드)_(0.5mg/1캡슐),(주)글락소스미스클라인,146.00,180.00,146.00,90.00,180.00,180.00,278.00,
,아세탑정(아세클로페낙)_(0.1g/1정),오스틴제약(주),66.00,58.00,78.00,254.00,154.00,84.00,188.00,
,아셀리온캡슐100밀리그램(아세브로필린)_(0.1g/1캡슐),(주)셀트리온제약,"1,112.00","1,296.00","1,386.00",971.00,"1,342.00","1,234.00",881.00,
,아스낙정(아세클로페낙)_(0.1g/1정),(주)넥스팜코리아,"1,216.00","1,621.00","1,515.00","1,384.00","1,216.00","1,041.00","1,215.00",
,아스피린프로텍트정100밀리그람_(0.1g/1정),바이엘코리아(주),28.00,90.00,28.00,28.00,60.00,21.00,440.00,
,아시토바캡슐300mg(락토바실루스아시도필루스균)_(0.3g/1캡슐),대한뉴팜(주),0.00,0.00,0.00,90.00,0.00,0.00,0.00,
,아이알코돈정10밀리그램(옥시코돈염산염)_(10mg/1정),유니메드제약(주),120.00,120.00,135.00,129.00,120.00,120.00,75.00,
,아지로맥스정250밀리그램(아지트로마이신수화물)_(0.26203g/1정),제일약품(주),38.00,51.00,32.00,11.00,30.00,48.00,92.00,
,아카브정30/10밀리그램_(1정),보령제약(주),0.00,0.00,7.00,12.00,14.00,44.00,103.00,
,아카브정60/10밀리그램_(1정),보령제약(주),0.00,0.00,0.00,0.00,30.00,60.00,90.00,
,아크렌겔(아다팔렌),(주)중외신약,0.00,0.00,0.00,0.00,0.00,1.00,1.00,
,아클라오정625밀리그램(아목시실린-클라불란산칼륨)_(1정),알리코제약(주),78.00,96.00,300.00,81.00,18.00,78.00,205.00,
,아클펜정(아세클로페낙)_(0.1g/1정),(주)테라젠이텍스,383.00,0.00,0.00,0.00,0.00,0.00,0.00,
,아타칸정16밀리그램(칸데사르탄실렉세틸)_(16mg/1정),(주)유한양행,0.00,0.00,0.00,0.00,10.00,0.00,80.00,
,아타칸정8밀리그램(칸데사르탄실렉세틸)_(8mg/1정),(주)유한양행,0.00,0.00,30.00,90.00,0.00,30.00,60.00,
,아타칸플러스정16/12.5mg_(1정),한국아스트라제네카(주),0.00,0.00,0.00,0.00,0.00,0.00,170.00,
,아토르바정10밀리그램(아토르바스타틴칼슘)_(10.37mg/1정),(주)유한양행,0.00,0.00,0.00,0.00,10.00,60.00,120.00,
,아토맥스로션0.05%(데소나이드)_(55mg/110g),(주)한국파마,4.00,0.00,0.00,0.00,0.00,0.00,0.00,
,아토젯정10/40밀리그램_(1정),한국엠에스디(유),0.00,0.00,0.00,0.00,0.00,0.00,120.00,
,아티반정1밀리그람(로라제팜)_(1mg/1정),일동제약(주),0.00,0.00,6.00,0.00,0.00,0.00,94.00,
,아페린정,(주)휴온스,413.00,298.00,680.50,396.00,484.00,210.00,260.00,
,악토넬정35밀리그람(리세드론산나트륨)_(35mg/1정),(주)한독,0.00,0.00,0.00,0.00,0.00,4.00,4.00,
,안드리올테스토캡스연질캡슐,한국오가논(주),0.00,0.00,0.00,0.00,0.00,0.00,210.00,
,안젤릭정_(28정),바이엘코리아(주),0.00,0.00,3.00,0.00,0.00,0.00,4.00,
,안프란서방정300밀리그램(사르포그렐레이트염산염)_(0.3g/1정),제일약품(주),0.00,0.00,15.00,21.00,0.00,0.00,59.00,
,알다라크림(이미퀴모드),동아에스티(주),12.00,0.00,0.00,24.00,0.00,0.00,0.00,
,알드린1그람현탁액(알마게이트)(수출명:ILYANGAlmagatesusp)_(1.0005g/15mL),일양약품(주),0.00,0.00,0.00,90.00,0.00,0.00,90.00,
,알러세틴정(레보세티리진염산염)_(5mg/1정),구주제약(주),0.00,30.00,0.00,0.00,0.00,0.00,0.00,
,알러텍정(세티리진염산염)_(10mg/1정),고려제약(주),0.00,0.00,0.00,0.00,60.00,0.00,0.00,
,알레그라디정_(1정),(주)한독,42.00,28.00,84.00,146.00,140.00,58.00,160.00,
,알레그라정120밀리그람(펙소페나딘염산염)_(0.12g/1정),(주)한독,910.00,796.00,820.00,944.00,766.00,"1,075.00",262.00,
,알레그라정180밀리그람(펙소페나딘염산염)_(0.18g/1정),(주)한독,45.00,0.00,55.00,70.00,128.00,145.00,270.00,
,알레리온정(에피나스틴염산염)_(10mg/1정),콜마파마(주),3.00,120.00,12.00,0.00,120.00,0.00,29.00,
,알레보정(레보설피리드)(수출명: Arlovo Tablet)_(25mg/1정),알리코제약(주),867.00,693.00,755.00,708.00,732.00,581.00,270.00,
,알레파타딘점안액0.2%(올로파타딘염산염)_(6.66mg/3mL),국제약품(주),0.00,0.00,0.00,1.00,0.00,0.00,1.00,
,알로네이트정(알렌드론산나트륨수화물)_(91.37mg/1정),우리들제약(주),0.00,8.00,0.00,8.00,0.00,8.00,12.00,
,알룬정,,734.00,396.00,955.00,612.00,653.00,268.00,568.00,
,알리코세파클러캡슐250밀리그램_(0.25g/1캡슐),알리코제약(주),295.00,309.00,163.00,243.00,390.00,261.00,346.00,
,알리톡연질캡슐30밀리그램(알리트레티노인)_(30mg/1캡슐),(주)글락소스미스클라인,0.00,0.00,0.00,7.00,0.00,0.00,23.00,
,알메틴연질캡슐(수출명:노크램프연질캡슐)_(1캡슐),삼천당제약(주),141.00,187.00,297.00,222.00,105.00,180.00,233.00,
,알베스코흡입제160(시클레소니드)_(9.6mg/60회),한국아스트라제네카(주),1.00,0.00,0.00,0.00,3.00,9.00,7.00,
,알베스코흡입제80(시클레소니드)_(4.8mg/60회),한국아스트라제네카(주),2.00,11.00,0.00,2.00,0.00,0.00,3.00,
,알비스타연질캡슐_(1캡슐),(주)동구바이오제약,0.00,28.00,0.00,0.00,0.00,0.00,243.00,
,알씨텍정5mg(염산레보세티리진)_(5mg/1정),오스틴제약(주),600.00,285.00,451.00,470.00,594.00,563.00,108.00,
,알졸타(알벤다졸),에이오케이(주),0.00,0.00,0.00,0.00,0.00,14.00,386.00,
,알지겐액(알긴산나트륨)_(1.5g/30mL/포(스틱)),(주)한국파마,0.00,21.00,21.00,0.00,0.00,21.00,78.00,
,알지렉스정(세티리진염산염)_(10mg/1정),오스틴제약(주),0.00,0.00,0.00,0.00,33.00,70.00,397.00,
,알지스액(알긴산나트륨)_(1g/20mL),(주)씨트리,375.00,513.00,0.00,0.00,0.00,0.00,0.00,
,알지스액(알긴산나트륨)_(1g/20mL),(주)아리제약,0.00,0.00,714.00,"1,091.00",983.00,"1,295.00",35.00,
,알지톤액(알긴산나트륨)_(1.25g/25mL),(주)서울제약,0.00,0.00,0.00,9.00,0.00,0.00,-9.00,
,알포센정(콜린알포세레이트)_(0.4g/1정),(주)넥스팜코리아,90.00,0.00,0.00,0.00,0.00,60.00,120.00,
,알프람정0.5밀리그램(알프라졸람)_(0.5mg/1정),환인제약(주),0.00,0.00,0.00,0.00,0.00,0.00,39.00,
,암로비카에이치씨티정5/40/12.5밀리그램_(1정),동국제약(주),0.00,0.00,0.00,30.00,30.00,0.00,80.00,
,암포젤정(건조수산화알루미늄겔)_(0.392g/1정),일동제약(주),54.00,30.00,21.00,10.00,0.00,0.00,377.00,
,애니코프캡슐300밀리그램(테오브로민)_(0.3g/1캡슐),안국약품(주),498.00,576.00,372.00,390.00,236.00,208.00,299.00,
,애니탈삼중정,안국약품(주),0.00,42.00,0.00,0.00,0.00,0.00,0.00,
,액시마정(독소필린)_(0.4g/1정),부광약품(주),376.00,350.00,502.00,400.00,271.00,400.00,505.00,
,액토스정15밀리그램(피오글리타존염산염)_(16.53mg/1정),한국다케다제약(주),21.00,30.00,30.00,30.00,60.00,0.00,104.00,
,액티나민플러스정_(1정),한국휴텍스제약(주),14.00,42.00,74.00,42.00,0.00,0.00,60.00,
,액티피드정,삼일제약(주),42.00,174.00,48.00,18.00,39.00,48.00,76.00,
,야즈정,바이엘코리아(주),0.00,0.00,1.00,0.00,0.00,0.00,197.00,
,에나폰정10밀리그램(아미트리프틸린염산염)_(10mg/1정),환인제약(주),3.50,0.00,7.00,0.00,0.00,15.50,177.50,
,에나폰정5밀리그램(아미트리프틸린염산염)_(5mg/1정),환인제약(주),60.00,21.00,1.00,0.00,0.00,0.00,114.00,
,에리텐캡슐(에르도스테인)_(0.3g/1캡슐),(주)셀트리온제약,194.00,93.00,339.00,150.00,210.00,0.00,364.00,
,에소맥스정20mg(에스오메프라졸마그네슘이수화물)_(21.69mg/1정),우리들제약(주),"1,333.00","1,425.00","1,385.00","1,483.00",644.00,114.00,401.00,
,에소맥스정40mg(에스오메프라졸마그네슘이수화물)_(43.38mg/1정),우리들제약(주),51.00,85.00,30.00,105.00,104.00,0.00,127.00,
,에소메졸캡슐40밀리그램(에스오메프라졸스트론튬사수화물)_(49.3mg/1캡슐),한미약품(주),0.00,0.00,0.00,30.00,0.00,0.00,0.00,
,에소졸정20밀리그램(에스오메프라졸마그네슘이수화물)_(21.69mg/1정),(주)셀트리온제약,0.00,0.00,0.00,0.00,761.00,"1,384.00",110.00,
,에소졸정40밀리그램(에스오메프라졸마그네슘이수화물)_(43.38mg/1정),(주)셀트리온제약,0.00,0.00,0.00,0.00,77.00,202.00,197.00,
,에스디핀정(에스암로디핀베실산염2.5수화물)_(3.74mg/1정),우리들제약(주),172.00,297.00,215.00,303.00,367.00,300.00,203.00,
,에스라진,,30.00,90.00,0.00,90.00,30.00,30.00,180.00,
,에스로반연고(무피로신)_(0.2g/10g),제이더블유신약(주),5.00,13.00,12.00,12.00,14.00,6.00,10.00,
,에스와이무피로신나잘연고5g,한국콜마(주),0.00,0.00,1.00,1.00,1.00,1.00,4.00,
,에어탈정(아세클로페낙)_(0.1g/1정),(주)대웅제약,60.00,60.00,0.00,0.00,0.00,0.00,0.00,
,에이펙스정(아세클로페낙)_(0.1g/1정),제일약품(주),0.00,0.00,0.00,0.00,0.00,28.00,62.00,
,에제미브정(에제티미브)_(10mg/1정),알리코제약(주),0.00,58.00,0.00,12.00,0.00,60.00,110.00,
,에클리라제뉴에어400마이크로그램(아클리디니움브롬화물(미분화))_(24mg /60회),(주)대웅제약,2.00,4.00,3.00,10.00,2.00,6.00,3.00,
,에트라빌25밀리그램정(아미트리프틸린염산염)_(25mg/1정),동화약품(주),0.00,0.00,0.00,0.00,0.00,0.00,958.00,
,에펙신안연고(오플록사신)_(10.5mg/3.5g),일동제약(주),0.00,11.00,10.00,10.00,10.00,30.00,2.00,
,에피온정(에피나스틴염산염)_(10mg/1정),(주)넥스팜코리아,621.00,872.00,"1,025.00",776.00,852.00,678.00,664.00,
,엑스포지정 10/160밀리그램_(1정),한국노바티스(주),0.00,28.00,0.00,0.00,0.00,0.00,84.00,
,엑스포지정 5/160밀리그램_(1정),한국노바티스(주),81.00,67.00,81.00,300.00,60.00,90.00,136.00,
,엑스포지정 5/80밀리그램_(1정),한국노바티스(주),180.00,0.00,127.00,60.00,180.00,60.00,145.00,
,엔테론정50밀리그람(포도씨건조엑스)_(50mg/1정),한림제약(주),30.00,15.00,0.00,0.00,0.00,0.00,72.00,
,엘리퀴스정2.5밀리그램(아픽사반)_(2.5mg/1정),(유)한국비엠에스제약,0.00,0.00,0.00,16.00,0.00,0.00,44.00,
,엠빅스에스(ODF)구강붕해필름50mg 10매 SK케미칼,에스케이디스커버리(구.SK,0.00,0.00,10.00,0.00,0.00,0.00,10.00,
,엠솔론정(메틸프레드니솔론)_(4mg/1정),콜마파마(주),487.50,470.00,499.00,559.00,903.00,639.50,174.00,
,엠코발500마이크로그램캡슐(메코발라민)_(0.5mg/1캡슐),동화약품(주),14.00,0.00,0.00,0.00,0.00,0.00,626.00,
,엠피디엘정(메틸프레드니솔론)_(4mg/1정),(주)다산제약,0.00,120.00,0.00,0.00,0.00,0.00,120.00,
,영풍독시사이클린정100밀리그램_(0.1g/1정),영풍제약(주),0.00,120.00,0.00,0.00,120.00,0.00,0.00,
,오논캡슐(프란루카스트수화물)_(0.1125g/1캡슐),동아에스티(주),0.00,0.00,0.00,316.00,348.00,444.00,212.00,
,오라메디연고(수출명:오라메디파스타(ORAMEDYPASTE)),동국제약(주),0.00,0.00,0.00,0.00,0.00,1.00,-1.00,
,오로디핀정(암로디핀오로트산염)_(6.91mg/1정),동아에스티(주),0.00,0.00,0.00,0.00,0.00,0.00,75.00,
,오마코연질캡슐(오메가-3-산에틸에스테르90)_(1g/1캡슐),건일제약(주),0.00,60.00,0.00,240.00,0.00,600.00,160.00,
,오메드정10밀리그램(오메프라졸)_(10mg/1정),에스케이케미칼(주),0.00,0.00,0.00,0.00,0.00,0.00,106.00,
,오페나딘서방정50밀리그램(오르펜나드린시트르산염)_(50mg/1정),알리코제약(주),20.00,0.00,52.00,46.00,40.00,8.00,344.00,
,온글라이자정5밀리그램(삭사글립틴수화물)_(5.29mg/1정),한국아스트라제네카(주),28.00,28.00,0.00,60.00,30.00,0.00,46.00,
,온세란정4mg(온단세트론염산염)_(5mg/1정),(주)유한양행,6.00,26.00,35.00,36.00,27.00,18.00,56.00,
,올리다운120mg(P),휴온스(주),60.00,0.00,0.00,0.00,0.00,0.00,0.00,
,올리비올250캡슐(사카로마이세스보울라르디균)_(0.2825g/1캡슐),코오롱제약(주),0.00,0.00,0.00,0.00,60.00,0.00,-60.00,
,올리엣캡슐120밀리그램(오르리스타트),(주)드림파마,0.00,120.00,0.00,0.00,0.00,0.00,0.00,
,우루사정100밀리그램(우르소데옥시콜산)_(0.1g/1정),(주)대웅제약,287.00,244.00,194.00,66.00,0.00,0.00,871.00,
,우루사정200밀리그램(우르소데옥시콜산)_(0.2g/1정),(주)대웅제약,450.00,300.00,180.00,210.00,90.00,180.00,474.00,
,우루사정300밀리그램(우르소데옥시콜산)_(0.3g/1정),(주)대웅제약,60.00,0.00,0.00,60.00,0.00,60.00,120.00,
,우리들에페리손서방정(에페리손염산염)_(75mg/1정),우리들제약(주),138.00,222.00,170.00,444.00,131.00,246.00,263.00,
,우리들에페리손정(에페리손염산염)_(50mg/1정),우리들제약(주),0.00,0.00,8.00,0.00,0.00,0.00,26.00,
,울트라셋세미정_(1정),(주)한국얀센,36.00,48.00,90.00,35.00,49.00,0.00,112.00,
,울트라셋정_(1정),(주)한국얀센,10.00,56.00,56.00,70.00,70.00,0.00,38.00,
,원트란서방정_(1정),대원제약(주),20.00,42.00,0.00,54.00,102.00,70.00,242.00,
,원트란세미서방정_(1정),대원제약(주),42.00,70.00,0.00,28.00,83.00,56.00,111.00,
,유가인정(옥틸로늄브롬화물)_(20mg/1정),(주)셀트리온제약,9.00,6.00,0.00,0.00,6.00,0.00,39.00,
,유나신정375mg(설타미실린토실산염수화물)_(0.5208g/1정),한국화이자제약(주),372.00,317.00,198.00,429.00,518.00,421.00,216.00,
,유락신연고(크로타미톤),(주)녹십자,0.00,0.00,4.00,1.00,0.00,0.00,2.00,
,유로케어정5밀리그램(솔리페나신숙신산염)_(5mg/1정),일동제약(주),0.00,0.00,0.00,0.00,0.00,0.00,50.00,
,유로탐스서방정(탐스로신염산염)_(0.2mg/1정),일동제약(주),0.00,0.00,0.00,0.00,0.00,0.00,90.00,
,유로트랄엑스엘정(알푸조신염산염)_(10mg/1정),(주)유영제약,0.00,0.00,90.00,0.00,0.00,0.00,0.00,
,유리페나정5mg(솔리페나신숙신산염)_(5mg/1정),(주)테라젠이텍스,210.00,10.00,60.00,7.00,206.00,28.00,164.00,
,유메이드정,(주)마더스제약,0.00,84.00,0.00,0.00,0.00,0.00,216.00,
,유한메토트렉세이트정_(2.5mg/1정),(주)유한양행,120.00,0.00,0.00,0.00,0.00,24.00,156.00,
,유한메트포르민서방정500mg(메트포르민염산염)_(0.5g/1정),(주)유한양행,0.00,0.00,0.00,0.00,0.00,30.00,30.00,
,유한메트포르민서방정750mg(메트포르민염산염)_(0.75g/1정),(주)유한양행,60.00,0.00,0.00,0.00,0.00,0.00,60.00,
,유한짓정(이소니아지드)(군납명:이소니아지드정케이.피100밀리그람)_(0.1g/1정),(주)유한양행,90.00,0.00,0.00,36.00,0.00,0.00,659.00,
,유한피라진아미드정500밀리그램(피라진아미드)_(0.5g/1정),(주)유한양행,0.00,0.00,0.00,36.00,0.00,0.00,164.00,
,이리보정5마이크로그램(라모세트론염산염)_(5㎍/1정),한국아스텔라스제약(주),0.00,21.00,0.00,57.00,42.00,55.50,224.50,
,이모튼캡슐(아보카도-소야불검화물의추출물)_(0.30003g/1캡슐),(주)종근당,608.00,502.00,239.00,277.00,251.00,216.00,898.00,
,이미그란정50밀리그램(수마트립탄숙신산염)_(70mg/1정),(주)글락소스미스클라인,9.00,28.00,28.00,0.00,22.00,32.00,14.00,
,이소티논연질캡슐(이소트레티노인)_(10mg/1캡슐),한미약품(주),120.00,58.00,88.00,360.00,30.00,134.00,146.00,
,이지트롤정(에제티미브)_(10mg/1정),한국엠에스디(유),0.00,0.00,0.00,0.00,28.00,30.00,92.00,
,이텍스세픽심캡슐_(0.1g/1캡슐),(주)테라젠이텍스,15.00,30.00,0.00,0.00,0.00,0.00,75.00,
,이텍스시메티딘정(시메티딘)_(0.2g/1정),(주)테라젠이텍스,35.00,198.00,84.00,126.00,84.00,51.00,292.00,
,이토메드정(이토프리드염산염)_(50mg/1정),제일약품(주),0.00,0.00,0.00,90.00,0.00,0.00,0.00,
,이토벨정(염산이토프리드)_(50mg/1정),(주)종근당,0.00,0.00,0.00,60.00,9.00,0.00,52.00,
,이트라센정(이트라코나졸고체분산체)_(0.253g/1정),광동제약(주),0.00,0.00,0.00,0.00,14.00,0.00,16.00,
,인데놀정10mg(프로프라놀롤염산염)_(10mg/1정),동광제약(주),0.00,28.00,0.00,0.00,20.00,0.00,952.00,
,인크루즈엘립타(유메클리디늄브롬화물)_(2.226mg/1통),(주)글락소스미스클라인,0.00,0.00,1.00,1.00,1.00,0.00,2.00,
,인푸라크림(모메타손푸로에이트)_(15mg/15g),(주)바이넥스,0.00,0.00,0.00,0.00,0.00,0.00,5.00,
,일나스정5밀리그램(타다라필),(주)넥스팜코리아,0.00,0.00,0.00,0.00,0.00,120.00,180.00,
,일양하이트린정5밀리그람(테라조신염산염수화물)_(5.935mg/1정),일양약품(주),60.00,0.00,60.00,0.00,60.00,0.00,120.00,
,임팩타민,,0.00,0.00,0.00,0.00,0.00,0.00,0.00,
,자낙스정0.25밀리그램(알프라졸람)_(0.25mg/1정),한국화이자제약(주),372.00,279.00,84.00,54.00,219.00,523.00,95.00,
,자낙스정0.5밀리그램(알프라졸람)_(0.5mg/1정),한국화이자제약(주),0.00,0.00,0.00,0.00,0.00,18.00,73.00,
,자누메트엑스알서방정100/1000밀리그램_(1정),한국엠에스디(유),30.00,0.00,0.00,0.00,0.00,0.00,99.00,
,자누메트엑스알서방정50/1000밀리그램_(1정),한국엠에스디(유),98.00,134.00,120.00,180.00,240.00,0.00,250.00,
,자누메트정50/1000밀리그램_(1정),한국엠에스디(유),60.00,60.00,60.00,60.00,60.00,60.00,248.00,
,자누메트정50/500밀리그램_(1정),한국엠에스디(유),60.00,88.00,30.00,150.00,0.00,60.00,124.00,
,자니딥정(레르카니디핀염산염)_(10mg/1정),(주)엘지화학,0.00,0.00,0.00,60.00,90.00,0.00,150.00,
,자디앙듀오정12.5/1000밀리그램_(1정),한국베링거인겔하임(주),0.00,28.00,30.00,100.00,190.00,192.00,180.00,
,자디앙듀오정12.5/500밀리그램_(1정),한국베링거인겔하임(주),0.00,14.00,14.00,109.00,60.00,342.00,265.00,
,자디앙듀오정12.5/850밀리그램_(1정),한국베링거인겔하임(주),0.00,0.00,0.00,0.00,14.00,21.00,85.00,
,자디앙듀오정5/1000밀리그램_(1정),한국베링거인겔하임(주),0.00,0.00,120.00,0.00,120.00,164.00,184.00,
,자디앙듀오정5/500밀리그램_(1정),한국베링거인겔하임(주),0.00,0.00,60.00,0.00,60.00,143.00,217.00,
,자디앙정10밀리그램(엠파글리플로진)_(10mg/1정),한국베링거인겔하임(주),0.00,65.00,60.00,30.00,35.00,48.00,62.00,
,자미올겔_(60g/통),레오파마(유),0.00,0.00,0.00,1.00,0.00,0.00,2.00,
,자스민정(아젤라스틴염산염)_(1mg/1정),(주)테라젠이텍스,14.00,76.00,0.00,0.00,5.00,0.00,3.00,
,자이데나정100mg 4T 동아,동아에스티(주)서울지점,0.00,0.00,0.00,0.00,0.00,0.00,14.00,
,자이데나정200mg 4T 동아,동아에스티(주)서울지점,0.00,3.00,13.00,0.00,0.00,0.00,0.00,
,자이로릭정(알로푸리놀)_(0.1g/1정),삼일제약(주),60.00,102.00,134.00,150.00,208.00,90.00,126.00,
,자트랄엑스엘정10밀리그램(알푸조신염산염)_(10mg/1정),(주)한독,0.00,0.00,0.00,0.00,0.00,0.00,120.00,
,제니칼120mg,종근당,192.00,81.00,160.00,269.00,198.00,228.00,336.00,
,제니칼캅셀120밀리그람(오르리스타트),(주)한국로슈,30.00,0.00,0.00,0.00,0.00,0.00,0.00,
,제로다운캡슐60밀리그램(오르리스타트),한국콜마(주),15.00,0.00,0.00,0.00,0.00,0.00,"1,065.00",
,제미글로정50밀리그램(제미글립틴타르타르산염1.5수화물)_(68.9mg/1정),(주)엘지화학,30.00,0.00,0.00,0.00,0.00,0.00,78.00,
,제미메트서방정25/500밀리그램_(1정),(주)엘지화학,0.00,102.00,236.00,77.00,120.00,180.00,125.00,
,제미메트서방정50/1000밀리그램_(1정),(주)엘지화학,0.00,0.00,110.00,7.00,0.00,0.00,219.00,
,제미메트서방정50/500밀리그램_(1정),(주)엘지화학,0.00,14.00,0.00,0.00,60.00,30.00,120.00,
,제텐씨정(군납명:종합비타민미네랄정),한미약품(주),28.00,120.00,359.00,398.00,240.00,60.00,120.00,
,제픽스정100밀리그램(라미부딘)_(0.1g/1정),(주)글락소스미스클라인,0.00,0.00,30.00,0.00,0.00,0.00,52.00,
,젠텔정400밀리그람(알벤다졸),(주)유한양행,0.00,0.00,0.00,0.00,14.00,28.00,14.00,
,조비락스크림(아시클로버)_(0.5g/10g),동아에스티(주),0.00,0.00,0.00,0.00,0.00,0.00,0.00,
,조인스정200밀리그램(위령선·괄루근·하고초30%에탄올엑스(40→1))(수출명:카라스론)_(0.2g/1정),에스케이케미칼(주),0.00,180.00,0.00,0.00,0.00,120.00,200.00,
,조터나흡입용캡슐 110/50마이크로그램_(30캡슐),한국산도스(주),0.00,4.00,2.00,4.00,2.00,3.00,4.00,
,졸로푸트정50밀리그람(설트랄린염산염)_(55.95mg/1정),한국화이자제약(주),0.00,0.00,0.00,0.00,21.00,0.00,39.00,
,졸민정0.125밀리그람(트리아졸람)_(0.125mg/1정),명인제약(주),0.00,0.00,0.00,0.00,0.00,0.00,379.00,
,종근당글리아티린연질캡슐(콜린알포세레이트)_(0.4g/1캡슐),(주)종근당,390.00,56.00,360.00,360.00,240.00,240.00,244.00,
,종근당아목시실린캡슐500밀리그램_(0.5g/1캡슐),(주)종근당,123.00,221.00,174.00,123.00,195.00,213.00,305.00,
,주블리아외용액4mL,동아에스티(주),4.00,2.00,1.00,1.00,2.00,4.00,3.00,
,쥴로틴캡슐30밀리그램(둘록세틴염산염)_(33.65mg/1캡슐),(주)셀트리온제약,0.00,7.00,58.00,0.00,7.00,0.00,68.00,
,쥴로틴캡슐60밀리그램(둘록세틴염산염)_(67.3mg/1캡슐),(주)셀트리온제약,0.00,28.00,12.00,14.00,30.00,0.00,33.00,
,지노센스질연질캡슐_(1캡슐),현대약품(주),0.00,0.00,0.00,0.00,0.00,6.00,6.00,
,지노프로질정_(1정),현대약품(주),6.00,0.00,0.00,0.00,0.00,0.00,6.00,
,지스로맥스정250밀리그람(아지트로마이신수화물)_(0.25g/1정),한국화이자제약(주),48.00,35.00,12.00,15.00,18.00,6.00,70.00,
,직듀오서방정10/1000밀리그램_(1정),한국아스트라제네카(주),0.00,44.00,35.00,60.00,30.00,60.00,101.00,
,치옥셀정(티옥트산)_(0.6g/1정),(주)셀트리온제약,0.00,0.00,0.00,14.00,60.00,37.00,129.00,
,카나브정120밀리그램(피마사르탄칼륨삼수화물)_(0.13202g/1정),보령제약(주),2.00,0.00,8.00,60.00,0.00,67.00,103.00,
,카나브정30밀리그램(피마사르탄칼륨삼수화물)_(33.005mg/1정),보령제약(주),60.00,60.00,40.00,44.00,65.00,144.00,157.00,
,카나브정60밀리그램(피마사르탄칼륨삼수화물)_(66.01mg/1정),보령제약(주),68.00,188.00,30.00,165.00,60.00,90.00,217.00,
,카딜정2밀리그램(독사조신메실산염)_(2.43mg/1정),(주)바이넥스,0.00,30.00,0.00,120.00,0.00,60.00,90.00,
,카리메트과립(폴리스티렌설폰산칼슘)_(5g/5g),알보젠코리아(주),0.00,0.00,60.00,0.00,0.00,0.00,140.00,
,카마라필정20밀리그램(타다라필),한국콜마(주),0.00,0.00,0.00,0.00,0.00,0.00,0.00,
,카비드츄어블정_(1정),한국다케다제약(주),0.00,0.00,14.00,243.00,275.00,222.00,146.00,
,칸타칸정8밀리그램(칸데사르탄실렉세틸)_(8mg/1정),(주)셀트리온제약,67.00,30.00,30.00,30.00,0.00,60.00,133.00,
,칼디온정_(1정),(주)넥스팜코리아,0.00,0.00,0.00,0.00,0.00,29.00,61.00,
,칼시오연질캡슐(칼시트리올)_(0.25㎍/1캡슐),한미약품(주),0.00,0.00,0.00,0.00,0.00,0.00,60.00,
,칼크레인정50단위(칼리디노게나제)_(50I.U/1정),대우제약(주),0.00,0.00,0.00,30.00,0.00,0.00,0.00,
,칼테오-40정(Calteo-40Tablets)_(1정),(주)파마택코리아,0.00,0.00,150.00,0.00,0.00,0.00,360.00,
,캐롤에프정(이부프로펜아르기닌),일동제약(주),9.00,0.00,0.00,0.00,0.00,0.00,0.00,
,케노펜겔(케토프로펜)_(6g/200g),일동제약(주),2.00,6.00,3.00,1.00,5.00,2.00,4.00,
,케이캡정50밀리그램(테고프라잔)_(50mg/1정),에이치케이이노엔(주),379.00,91.00,56.00,30.00,60.00,0.00,272.00,
,케이콘틴서방정(염화칼륨)_(0.6g/1정),동광제약(주),0.00,15.00,27.00,56.00,96.00,74.00,132.00,
,케토톱플라스타(케토프로펜)_(70㎠/1매),(주)한독,0.00,0.00,0.00,35.00,0.00,0.00,-35.00,
,케프라액(레비티라세탐)_(15g/150mL),한국유씨비제약(주),0.00,0.00,"2,400.00",0.00,0.00,0.00,0.00,
,코대원포르테시럽_(20mL),대원제약(주),648.00,"1,122.00","1,451.00","1,422.00","1,134.00","1,383.00",334.00,
,코데날정_(1정),삼아제약(주),0.00,0.00,0.00,0.00,0.00,0.00,"1,000.00",
,코데날정_(1정),삼아제약(주),0.00,9.00,90.00,0.00,30.00,9.00,871.00,
,코데농정(수출명:네오플러스정)_(1정),동광제약(주),60.00,36.00,63.00,72.00,42.00,21.00,571.00,
,코살정(로사르탄칼륨)_(50mg/1정),(주)셀트리온제약,210.00,81.00,224.00,134.00,60.00,268.00,133.00,
,코살정100밀리그램(로사르탄칼륨)_(0.1g/1정),(주)셀트리온제약,0.00,0.00,0.00,0.00,0.00,0.00,90.00,
,코살플러스정_(1정),(주)셀트리온제약,90.00,30.00,90.00,60.00,0.00,0.00,105.00,
,코에잘스프레이(모메타손푸로에이트)_(7mg/140회),우리들제약(주),150.00,106.00,132.00,123.00,84.00,109.00,38.00,
,코자정(로사르탄칼륨)_(50mg/1정),한국엠에스디(유),3.00,40.00,30.00,37.00,30.00,65.00,138.00,
,코자정100밀리그램(로사르탄칼륨)_(0.1g/1정),한국엠에스디(유),60.00,0.00,60.00,0.00,60.00,0.00,137.00,
,코자플러스정_(1정),한국엠에스디(유),37.00,42.00,28.00,42.00,28.00,14.00,94.00,
,콜킨정(콜키신)_(0.6mg/1정),한국유나이티드제약(주),9.00,0.00,0.00,21.00,0.00,0.00,470.00,
,콩코르정2.5밀리그램(비소프롤롤푸마르산염)_(2.5mg/1정),머크(주),120.00,44.00,90.00,67.50,75.00,89.00,174.50,
,콩코르정5밀리그램(비소프롤롤푸마르산염)_(5mg/1정),머크(주),0.00,19.00,45.00,7.00,0.00,0.00,129.00,
,쿨타임정(레보설피리드)_(25mg/1정),(주)넥스팜코리아,0.00,42.00,0.00,90.00,103.00,81.00,4.00,
,크라노스정10밀리그램(암로디핀베실산염)_(13.889mg/1정),(주)셀트리온제약,0.00,90.00,0.00,0.00,90.00,0.00,300.00,
,크라노스정5밀리그램(암로디핀베실산염)_(6.944mg/1정),(주)셀트리온제약,102.00,159.00,134.00,223.00,214.00,191.00,141.00,
,크라비트점안액(레보플록사신 수화물)_(25mg/5mL),한국산텐제약(주),1.00,1.00,0.00,1.00,0.00,0.00,2.00,
,크러벤액(클로베타솔프로피오네이트)_(11.65mg/25mL),제이더블유신약(주),0.00,6.00,0.00,0.00,6.00,0.00,9.00,
,크레메진세립(구형흡착탄)_(2g/2g),에이치케이이노엔(주),0.00,0.00,45.00,0.00,0.00,0.00,123.00,
,크레스토정10밀리그램(로수바스타틴칼슘)_(10.4mg/1정),한국아스트라제네카(주),30.00,14.00,47.00,30.00,60.00,0.00,142.00,
,크레스토정5밀리그램(로수바스타틴칼슘)_(5.2mg/1정),한국아스트라제네카(주),90.00,0.00,0.00,30.00,60.00,0.00,120.00,
,크레스티브정10/10mg_(1정),한국휴텍스제약(주),0.00,0.00,119.00,387.00,235.00,226.00,233.00,
,크레스티브정10/20mg_(1정),한국휴텍스제약(주),0.00,0.00,0.00,14.00,200.00,205.00,151.00,
,크레스티브정10/5mg_(1정),한국휴텍스제약(주),0.00,0.00,0.00,134.00,277.00,292.00,227.00,
,크레오신티외용액1%(클린다마이신포스페이트),(주)한독약품,0.00,0.00,1.00,0.00,0.00,0.00,2.00,
,크레온캡슐25000(판크레아스 분말),한국애보트(주),186.00,303.00,154.00,90.00,175.00,60.00,144.00,
,크레인정50단위(칼리디노게나제)_(50I.U/1정),(주)일화,0.00,30.00,30.00,0.00,30.00,30.00,60.00,
,크로스틴정10밀리그램(로수바스타틴칼슘)_(10.4mg/1정),(주)셀트리온제약,80.00,150.00,90.00,180.00,150.00,134.00,165.00,
,크로스틴정20밀리그램(로수바스타틴칼슘)_(20.8mg/1정),(주)셀트리온제약,0.00,21.00,58.00,30.00,30.00,14.00,127.00,
,크로스틴정5밀리그램(로수바스타틴칼슘)_(5.2mg/1정),(주)셀트리온제약,137.00,97.00,139.00,75.00,60.00,60.00,132.00,
,크리벤트점안액(크로몰린나트륨)_(0.1g/5mL),삼천당제약(주),1.00,1.00,2.00,0.00,1.00,0.00,6.00,
,클라라정250mg(클래리트로마이신)_(0.25g/1정),(주)넥스팜코리아,284.00,320.00,476.00,349.00,341.00,413.00,121.00,
,클래리시드엑스엘서방정500밀리그람(클래리트로마이신)_(0.5g/1정),한국애보트(주),0.00,28.00,0.00,0.00,0.00,0.00,28.00,
,클리드점안액_(10mL),삼천당제약(주),10.00,0.00,3.00,2.00,1.00,2.00,3.00,
,타리비드안연고(오플록사신)_(10.5mg/3.5g),한국산텐제약(주),0.00,0.00,0.00,0.00,2.00,0.00,2.00,
,타바스타정2밀리그램(피타바스타틴칼슘)_(2mg/1정),우리들제약(주),300.00,260.00,783.00,668.00,786.00,638.00,276.00,
,"타이드정(티로프라미드염산염)(수출명:HUONSTIDETab.,PHILTIDETABLET)_(0.1g/1정)",(주)휴온스,75.00,0.00,175.00,0.00,0.00,0.00,146.00,
,타이레놀8시간이알서방정(아세트아미노펜),(주)한국얀센,434.00,384.00,243.00,312.00,291.00,300.00,545.00,
,타진서방정 20/10mg_(1정),한국먼디파마유한회사,28.00,28.00,28.00,34.00,28.00,28.00,1.00,
,타진서방정 40/20mg_(1정),한국먼디파마유한회사,60.00,60.00,60.00,63.00,60.00,60.00,17.00,
,탐루신디서방정(탐스로신염산염)_(0.2mg/1정),(주)휴온스,90.00,10.00,20.00,75.00,105.00,95.00,155.00,
,탐솔캡슐(탐스로신염산염)_(0.2mg/1캡슐),(주)셀트리온제약,30.00,140.00,198.00,54.00,180.00,171.00,166.00,
,탐스민서방정(탐스로신염산염)_(0.2mg/1정),(주)테라젠이텍스,127.00,40.00,95.00,60.00,104.00,88.00,145.00,
,탐피론서방캡슐0.4밀리그램(탐스로신염산염)_(0.4mg/1캡슐),(주)넥스팜코리아,0.00,0.00,0.00,0.00,0.00,60.00,330.00,
,탐피론캡슐0.2밀리그램(탐스로신염산염)_(0.2mg/1캡슐),(주)넥스팜코리아,695.00,780.00,561.00,932.00,768.00,515.00,72.00,
,테넬리아엠서방정20/1000밀리그램_(1정),(주)한독,0.00,0.00,0.00,0.00,0.00,30.00,30.00,
,테리락스엑스엘서방정(오르페나드린시트르산염)_(50mg/1정),대화제약(주),0.00,0.00,0.00,48.00,352.00,162.00,308.00,
,테베텐정600밀리그램(에프로사르탄메실산염)_(0.7358g/1정),(주)한독,0.00,0.00,0.00,0.00,0.00,14.00,176.00,
,텔로디핀정40/5밀리그램_(1정),우리들제약(주),7.00,196.00,165.00,83.00,120.00,69.00,118.00,
,텔로디핀정80/5밀리그램_(1정),우리들제약(주),0.00,30.00,30.00,97.00,118.00,87.00,178.00,
,텔미누보정40/2.5밀리그램_(1정),(주)종근당,443.00,312.00,352.00,271.00,493.00,270.00,358.00,
,텔미누보정40/5밀리그램_(1정),(주)종근당,58.00,29.00,30.00,30.00,30.00,111.00,162.00,
,텔미누보정80/2.5밀리그램_(1정),(주)종근당,150.00,60.00,0.00,90.00,0.00,150.00,60.00,
,텔미누보정80/5밀리그램_(1정),(주)종근당,180.00,0.00,60.00,0.00,44.00,14.00,122.00,
,토네이드정10밀리그램(타다라필),일동제약(주),12.00,54.00,30.00,26.00,24.00,0.00,20.00,
,토네이드정20mg 일동,일동제약,17.00,12.00,66.00,25.00,35.00,60.00,24.00,
,토네이드정5mg(PTP) 28T 일동,일동제약,30.00,60.00,90.00,180.00,30.00,60.00,112.00,
,토르신정5밀리그람(토르세미드)_(5mg/1정),오스틴제약(주),30.00,28.00,60.00,0.00,30.00,37.00,145.00,
,토파제정,메디카코리아,0.00,0.00,0.00,0.00,0.00,42.00,230.00,
,투리온정(베포타스틴베실산염)_(10mg/1정),동아제약(주),0.00,126.00,0.00,0.00,180.00,0.00,24.00,
,트라마롤세미서방정_(1정),제일약품(주),0.00,0.00,0.00,0.00,0.00,28.00,62.00,
,트라보겐크림(이소코나졸질산염)_(0.2g/20g),바이엘코리아(주),0.00,0.00,2.00,0.00,1.00,2.00,2.00,
,트라젠타듀오정2.5/850밀리그램_(1정),한국베링거인겔하임(주),0.00,120.00,0.00,0.00,0.00,14.00,226.00,
,트라젠타정(리나글립틴)_(5mg/1정),한국베링거인겔하임(주),21.00,37.00,0.00,60.00,0.00,60.00,92.00,
,트레스탄캡슐,삼진제약(주),0.00,0.00,0.00,0.00,0.00,0.00,95.00,
,트레시바플렉스터치주 100단위/밀리리터(인슐린데글루덱)_(300unit/3mL),노보노디스크제약(주),0.00,0.00,13.00,5.00,0.00,0.00,12.00,
,트로나인크림(수출명:BORADERM)_(30g),콜마파마(주),58.00,107.00,85.00,70.00,75.00,75.00,22.00,
,"트루리시티 0.75밀리그램/0.5밀리리터(둘라글루타이드,유전자재조합) 일회용 펜_(0.75mg/0.5mL)",한국릴리(유),0.00,2.00,15.00,0.00,0.00,0.00,11.00,
,"트루리시티 1.5밀리그램/0.5밀리리터(둘라글루타이드,유전자재조합) 일회용 펜_(1.5mg/0.5mL)",한국릴리(유),0.00,0.00,2.00,12.00,12.00,12.00,6.00,
,트루셋정40/5/12.5밀리그램_(1정),(주)유한양행,0.00,0.00,0.00,0.00,60.00,0.00,60.00,
,트루패스구강붕해정8밀리그램(실로도신)_(8mg/1정),제이더블유중외제약(주),0.00,0.00,0.00,0.00,7.00,30.00,53.00,
,트루패스정4밀리그램(실로도신)_(4mg/1정),제이더블유중외제약(주),0.00,0.00,60.00,0.00,60.00,0.00,60.00,
,트리돌캡슐(트라마돌염산염)_(50mg/1캡슐),(주)유한양행,21.00,0.00,0.00,42.00,60.00,0.00,349.00,
,트리루스트라크림15G,한국콜마(주),0.00,0.00,0.00,0.00,0.00,0.00,0.00,
,트리테이스정5밀리그람(라미프릴)_(5mg/1정),(주)한독,30.00,30.00,40.00,28.50,60.00,60.00,73.50,
,트윈스타정40/10밀리그램_(1정),한국베링거인겔하임(주),30.00,86.00,44.00,240.00,30.00,90.00,170.00,
,트윈스타정40/5밀리그램_(1정),한국베링거인겔하임(주),0.00,60.00,99.00,67.00,90.00,69.00,159.00,
,트윈스타정80/5밀리그램_(1정),한국베링거인겔하임(주),0.00,30.00,30.00,0.00,60.00,0.00,330.00,
,티아로정(티로프라미드염산염)_(0.1g/1정),(주)넥스팜코리아,254.00,290.00,420.00,243.00,153.00,333.00,227.00,
,티어린프리점안액(히알루론산나트륨)_(0.5mg/0.5mL),(주)디에이치피코리아,0.00,120.00,0.00,120.00,0.00,0.00,120.00,
,티오시드정(티옥트산)_(0.2g/1정),(주)휴온스,164.00,0.00,180.00,0.00,58.00,0.00,388.00,
,티자리드정1밀리그람(티자니딘염산염)_(1.144mg/1정),광동제약(주),0.00,0.00,90.00,0.00,0.00,0.00,90.00,
,티티베크림(프레드니카르베이트)_(25mg/10g),한미약품(주),0.00,0.00,0.00,0.00,0.00,0.00,2.00,
,티프라정100밀리그램(티로프라미드염산염)_(0.1g/1정),(주)셀트리온제약,30.00,0.00,9.00,0.00,9.00,9.00,89.00,
,파나덤크림_(450g),제이더블유신약(주),0.00,2.00,1.00,2.00,1.00,3.00,1.00,
,파자임95이중정,부광약품,0.00,0.00,0.00,0.00,30.00,0.00,70.00,
,파타놀점안액0.1%(올로파타딘염산염)_(5.55mg/5mL),한국노바티스(주),0.00,0.00,1.00,0.00,0.00,0.00,2.00,
,파티겔정(알마게이트)_(0.5g/1정),태극제약(주),141.00,18.00,75.00,0.00,63.00,27.00,356.00,
,판토라정20밀리그램(판토프라졸나트륨세스키히드레이트)_(22.55mg/1정),(주)셀트리온제약,572.00,257.00,380.00,256.00,328.00,208.00,147.00,
,판토록정40밀리그램(판토프라졸나트륨세스키히드레이트)_(45.1mg/1정),한국다케다제약(주),37.00,97.00,0.00,7.00,14.00,28.00,63.00,
,팔팔정100밀리그램(실데나필시트르산염),한미약품(주),28.00,13.00,14.00,25.00,18.00,0.00,29.00,
,팔팔정50밀리그램(실데나필시트르산염),한미약품(주),0.00,0.00,0.00,0.00,0.00,24.00,16.00,
,팜비어정250밀리그램(팜시클로비르)_(0.25g/1정),일동제약(주),18.00,15.00,72.00,33.00,126.00,0.00,108.00,
,팜시론정(팜시클로버)_(0.25g/1정),(주)넥스팜코리아,123.00,123.00,48.00,18.00,0.00,153.00,255.00,
,팜씨엠정(팜시클로비르)_(0.25g/1정),(주)마더스제약,0.00,18.00,24.00,0.00,0.00,0.00,0.00,
,팩티브정320밀리그램(메탄설폰산제미플록사신)_(0.42639g/1정),(주)엘지화학,0.00,117.00,114.00,36.00,22.00,7.00,72.00,
,페노시드캡슐(페노피브릭산)_(0.135g/1캡슐),한미약품(주),0.00,0.00,0.00,0.00,0.00,0.00,90.00,
,페니라민정(클로르페니라민말레산염)_(2mg/1정),(주)유한양행,800.00,"1,043.00","2,066.00",810.00,644.00,641.00,"1,301.00",
,페디라산_(1포),제이더블유신약(주),0.00,0.00,0.00,0.00,0.00,20.00,80.00,
,페리슨정(에페리손염산염)_(50mg/1정),(주)휴온스,653.00,759.00,677.00,448.00,364.00,302.00,331.00,
,페브릭정40밀리그램(페북소스타트)_(40mg/1정),에스케이케미칼(주),0.00,7.00,21.00,30.00,30.00,30.00,82.00,
,페소린정40밀리그램(페북소스타트)_(40mg/1정),삼진제약(주),0.00,0.00,0.00,0.00,0.00,30.00,30.00,
,펜디정(펜디메트라진타르타르산염)_(35mg/1정),(주)휴온스,180.00,130.00,240.00,120.00,60.00,0.00,320.00,
,펜타듀르패취25μg/h(펜타닐)_(10㎠/1매),(주)한국팜비오,14.00,14.00,28.00,14.00,0.00,28.00,0.00,
,펜타듀르패취50μg/h(펜타닐)_(20㎠/1매),(주)한국팜비오,10.00,19.00,0.00,0.00,0.00,0.00,16.00,
,펜톡신서방정400밀리그램(펜톡시필린)_(0.4g/1정),한국휴텍스제약(주),80.00,0.00,0.00,14.00,14.00,0.00,72.00,
,펠루비서방정(펠루비프로펜)_(45mg/1정),대원제약(주),34.00,22.00,12.00,40.00,6.00,76.00,278.00,
,펩타졸정20밀리그람(판토프라졸나트륨세스키히드레이트)_(22.55mg/1정),한림제약(주),0.00,0.00,0.00,0.00,0.00,58.00,82.00,
,포리부틴정(트리메부틴말레산염)_(0.1g/1정),삼일제약(주),234.00,156.00,101.00,237.00,0.00,0.00,130.00,
,포리지질연질캡슐_(1캡슐),위더스제약(주),0.00,6.00,6.00,6.00,0.00,6.00,12.00,
,포소드점안액_(10mL),한림제약(주),1.00,1.00,1.00,1.00,0.00,0.00,2.00,
,포스터100/6 에이치에프에이_(120회),코오롱제약(주),76.00,66.00,85.00,64.00,70.00,78.00,31.00,
,포스터넥스트할러_(120회),코오롱제약(주),4.00,3.00,2.00,4.00,3.00,5.00,2.00,
,포시가정10밀리그램(다파글리플로진프로판디올수화물)_(12.3mg/1정),한국아스트라제네카(주),30.00,30.00,45.00,30.00,60.00,60.00,107.00,
,포타겔현탁액(디옥타헤드랄스멕타이트)_(3g/20mL),대원제약(주),72.00,87.00,36.00,0.00,63.00,39.00,0.00,
,포타스틴오디정(베포타스틴칼슘이수화물)_(7.79mg/1정),한미약품(주),0.00,6.00,0.00,0.00,0.00,0.00,0.00,
,폰탈캡슐250mg(메페남산)_(0.25g/1캡슐),(주)유한양행,0.00,0.00,0.00,19.00,9.00,34.00,438.00,
,폴다정5밀리그램(폴산)_(5mg/1정),(주)다림바이오텍,0.00,0.00,0.00,0.00,0.00,0.00,293.00,
,푸나졸엠캡슐(플루코나졸)_(50mg/1캡슐),(주)마더스제약,0.00,52.00,62.00,40.00,3.00,0.00,31.00,
,푸레파인연고,일동제약(주),0.00,0.00,0.00,0.00,1.00,0.00,-1.00,
,푸록틴캅셀10밀리그람(염산플루옥세틴)_(11.2mg/1캡슐),명인제약(주),0.00,0.00,3.00,7.00,0.00,0.00,50.00,
,푸세틴캡슐(플루옥세틴염산염)_(22.4mg/1캡슐),(주)휴온스,208.00,60.00,301.00,371.00,309.00,125.00,464.00,
,풀미코트터부헬러200㎍/dose(부데소니드(미분화))_(20mg/100회),한국아스트라제네카(주),0.00,0.00,0.00,0.00,1.00,2.00,4.00,
,프라바페닉스캡슐_(1캡슐),(주)유영제약,184.00,238.00,219.00,274.00,313.00,504.00,310.00,
,프레리카캡슐150밀리그램(프레가발린)_(0.15g/1캡슐),(주)메디카코리아,60.00,84.00,60.00,60.00,60.00,60.00,200.00,
,프레리카캡슐75밀리그램(프레가발린)_(75mg/1캡슐),(주)메디카코리아,45.00,97.00,325.00,374.00,27.00,208.00,156.00,
,프레카크림(프레드니카르베이트)_(37.5mg/15g),한국콜마(주),0.00,0.00,0.00,0.00,3.00,0.00,3.00,
,프로다트연질캡슐0.5밀리그램(두타스테리드)_(0.5mg/1캡슐),한국콜마(주),0.00,0.00,90.00,0.00,0.00,0.00,0.00,
,프로맥정(폴라프레징크)_(75mg/1정),에스케이케미칼(주),0.00,0.00,0.00,0.00,0.00,14.00,0.00,
,프로스카정(피나스테리드)_(5mg/1정),한국엠에스디(유),60.00,30.00,150.00,0.00,90.00,30.00,90.00,
,프로토픽연고0.03%(타크로리무스수화물)_(3.06mg/10g),레오파마(유),0.00,0.00,0.00,0.00,0.00,2.00,2.00,
,프로페시아정1밀리그람(피나스테리드),한국엠에스디(주),84.00,0.00,168.00,0.00,84.00,114.00,116.00,
,프록사신바이정(시프로플록사신염산염수화물)_(0.291g/1정),(주)휴온스,0.00,0.00,0.00,0.00,0.00,78.00,90.00,
,프리겔현탁액(알마게이트)_(1.5g/15mL),대원제약(주),168.00,144.00,60.00,60.00,0.00,171.00,61.00,
,프리그렐정(클로피도그렐레지네이트)_(0.15g/1정),(주)종근당,0.00,0.00,0.00,0.00,0.00,0.00,30.00,
,프리비투스현탁액(레보클로페라스틴펜디조산염)_(56.64mg/8mL),대원제약(주),209.00,339.00,702.00,660.00,297.00,361.00,83.00,
,프리스타정5밀리그램(피나스테리드)_(5mg/1정),(주)휴메딕스,0.00,141.00,20.00,15.00,15.00,35.00,47.00,
,프리스틱서방정100밀리그램(데스벤라팍신숙신산염일수화물)_(0.15177g/1정),한국화이자제약(주),30.00,28.00,0.00,0.00,0.00,0.00,56.00,
,프리스틱서방정50밀리그램(데스벤라팍신숙신산염일수화물)_(75.87mg/1정),한국화이자제약(주),0.00,0.00,28.00,28.00,28.00,28.00,28.00,
,프리스틴정100밀리그램(실데나필시트르산염),(주)휴온스,14.00,20.00,4.00,20.00,12.00,36.00,28.00,
,프릴리지 30mg,,4.00,0.00,0.00,0.00,0.00,0.00,8.00,
,플라빅스정75밀리그람(클로피도그렐황산염)_(97.875mg/1정),(주)한독,0.00,0.00,0.00,0.00,0.00,0.00,110.00,
,플레밍정625mg(아목시실린·클라불란산칼륨)_(1정),(주)라이트팜텍,15.00,0.00,0.00,0.00,0.00,15.00,50.00,
,플루오론티점안액_(6mL),한미약품(주),3.00,1.00,4.00,2.00,2.00,5.00,3.00,
,플리바스정50mg(나프토피딜)_(50mg/1정),동아에스티(주),60.00,0.00,30.00,30.00,14.00,7.00,165.00,
,피나스정1밀리그램(피나스테리드)_(1mg/1정),(주)넥스팜코리아,60.00,150.00,180.00,210.00,90.00,120.00,0.00,
,피나스정5밀리그램(피나스테리드)_(5mg/1정),(주)넥스팜코리아,481.00,426.00,178.00,411.00,457.00,344.00,564.00,
,피라맥스정_(1정),신풍제약(주),0.00,0.00,0.00,0.00,0.00,27.00,27.00,
,피레스파정200밀리그램(피르페니돈)_(0.2g/1정),일동제약(주),0.00,0.00,0.00,0.00,0.00,0.00,404.00,
,피엠에스니스타틴시럽(니스타틴),제이텍바이오젠,0.00,105.00,4.00,3.00,1.00,0.00,2.00,
,하루날디정0.2밀리그람(탐스로신염산염)_(0.2mg/1정),한국아스텔라스제약(주),30.00,150.00,60.00,0.00,127.00,74.00,200.00,
,하메론에이점안액0.15%(히알루론산나트륨)_(0.75mg/0.5mL),삼천당제약(주),0.00,0.00,0.00,0.00,0.00,60.00,60.00,
,하메론점안액(히알루론산나트륨)_(10mg/10mL),삼천당제약(주),1.00,3.00,0.00,1.00,1.00,0.00,1.00,
,하이그로톤정25밀리그람(클로르탈리돈)_(25mg/1정),한림제약(주),88.00,121.50,96.00,157.00,123.00,181.00,468.00,
,하이네콜정(베타네콜염화물)_(25mg/1정),일양약품(주),9.00,161.00,342.00,102.00,273.00,45.00,241.00,
,하이드라섹캡슐(라세카도트릴),한국애보트(주),36.00,27.00,60.00,24.00,63.00,0.00,31.00,
,하이로텐정5/100밀리그램_(1정),(주)메디카코리아,0.00,21.00,0.00,0.00,0.00,0.00,39.00,
,하이스탈정,명문제약(주),0.00,0.00,0.00,0.00,6.00,0.00,14.00,
,한국콜마트리메부틴말레산염정_(0.1g/1정),한국콜마(주),0.00,42.00,0.00,0.00,0.00,0.00,64.00,
,한미유리아크림200밀리그램(우레아)_(10g/50g),한미약품(주),0.00,4.00,4.00,12.00,4.00,11.00,9.00,
,할록신정200밀리그램(히드록시클로로퀸황산염)_(0.2g/1정),한림제약(주),0.00,0.00,0.00,0.00,60.00,0.00,60.00,
,할시온정0.25밀리그램(트리아졸람)_(0.25mg/1정),한국화이자제약(주),10.00,0.00,0.00,0.00,0.00,0.00,90.00,
,헤르벤서방정90밀리그램(딜티아젬염산염)_(90mg/1정),에이치케이이노엔(주),0.00,30.00,84.00,90.00,0.00,60.00,60.00,
,헤르벤정(딜티아젬염산염)_(30mg/1정),에이치케이이노엔(주),153.00,139.00,94.00,237.00,300.00,197.00,151.00,
,헤파멜즈산(L-아스파르트산-L-오르니틴)_(3g/3.6g),한화제약(주),0.00,120.00,0.00,0.00,0.00,0.00,280.00,
,헥사메딘액(클로르헥시딘글루콘산염액)_(0.5mL/100mL),부광약품(주),10.00,0.00,0.00,0.00,0.00,0.00,33.00,
,헥사메딘액(클로르헥시딘글루콘산염액)_(0.5mL/100mL),부광약품(주),0.00,1.00,0.00,0.00,0.00,0.00,0.00,
,헥사메딘액0.12%(클로르헥시딘글루콘산염액)_(0.6mL/100mL),부광약품(주),8.00,5.00,19.00,11.00,30.00,12.00,20.00,
,현대테놀민정25밀리그람(아테놀롤)_(25mg/1정),현대약품(주),0.00,0.00,0.00,0.00,0.00,0.00,39.00,
,후라시닐정(메트로니다졸)_(0.25g/1정),에이치케이이노엔(주),10.00,21.00,42.00,64.00,50.00,80.00,166.00,
,후로목스정100밀리그램(세프카펜피복실염산염수화물)_(0.1g/1정),일동제약(주),42.00,0.00,0.00,0.00,0.00,0.00,58.00,
,후로스판디정(플로로글루시놀)_(0.124476g/1정),대화제약(주),0.00,0.00,0.00,0.00,0.00,3.00,52.00,
,후루덱스서방정(인다파미드)_(1.5mg/1정),한국세르비에(주),0.00,0.00,0.00,0.00,0.00,7.00,83.00,
,훼라민큐정,동국제약(주),0.00,120.00,0.00,0.00,0.00,0.00,0.00,
,훼로바-유서방정(건조황산제일철)_(0.256g/1정),부광약품(주),180.00,42.00,240.00,14.00,150.00,172.00,312.00,
,휘가에스캡슐(그린티80%에탄올엑스),구주제약(주),0.00,60.00,0.00,60.00,0.00,0.00,320.00,
,휴온스아목시크라정(아목시실린수화물·묽은클라불란산칼륨)_(1정),(주)휴온스,0.00,9.00,9.00,0.00,36.00,0.00,113.00,
,휴터민정(펜터민염산염)_(37.5mg/1정),(주)휴온스,402.00,295.00,557.00,359.00,386.00,314.00,84.00,
,휴텍스리세드로네이트정150mg(리세드론산나트륨2.5수화물)_(0.1721g/1정),한국휴텍스제약(주),1.00,4.00,0.00,6.00,1.00,1.00,5.00,
,히든정(히드로코르티손)_(10mg/1정),오스틴제약(주),37.00,15.00,15.00,15.00,0.00,0.00,62.00,
,히아레인0.1점안액(히알루론산나트륨)_(5mg/5mL),(주)태준제약,0.00,0.00,6.00,0.00,0.00,0.00,-6.00,
,히아렌프리점안액(히알루론산나트륨)(1회용)_(0.5mg/0.5mL),대한약품공업(주),30.00,1.00,0.00,0.00,0.00,0.00,119.00,
,히아렌프리점안액0.15%(히알루론산나트륨)(1회용)_(0.75mg/0.5mL),대한약품공업(주),30.00,0.00,0.00,0.00,30.00,0.00,60.00,
,히알유니점안액0.3%(히알루론산나트륨)_(1.35mg/0.45mL),(주)태준제약,0.00,0.00,0.00,0.00,0.00,0.00,90.00,
,히알큐점안액0.1%(히알루론산나트륨)_(0.8mg/0.8mL),일동제약(주),30.00,0.00,0.00,0.00,0.00,0.00,0.00,
